"","session","alpha","beta","betart","lapse","intercept","sigma","ndt","participant_id","sessions","trials","alpha_obs_power","beta_obs_power","n","rts","resp","X","iter","real_effectsize_alpha","real_effectsize_beta","subjects","parameter","observed_effectsize_alpha","observed_effectsize_beta"
"1","session1",18.3432438281711,9.64407564547106,1.44564562395709,0.00260693808509972,0.633249434015811,0.4762388939253,0.449329585394444,1,1,20,0.921964358109039,-0.602235991837259,1,2.20122779991871,0,-9.1145056076,4100,1,0,9,"both",0.921964358109039,-0.602235991837259
"2","session1",18.3432438281711,9.64407564547106,1.44564562395709,0.00260693808509972,0.633249434015811,0.4762388939253,0.449329585394444,1,1,20,0.921964358109039,-0.602235991837259,1,3.77040293870382,0,6.64185419107,4100,1,0,9,"both",0.921964358109039,-0.602235991837259
"3","session1",18.3432438281711,9.64407564547106,1.44564562395709,0.00260693808509972,0.633249434015811,0.4762388939253,0.449329585394444,1,1,20,0.921964358109039,-0.602235991837259,1,2.33606926498069,1,13.100297135,4100,1,0,9,"both",0.921964358109039,-0.602235991837259
"4","session1",18.3432438281711,9.64407564547106,1.44564562395709,0.00260693808509972,0.633249434015811,0.4762388939253,0.449329585394444,1,1,20,0.921964358109039,-0.602235991837259,1,2.86793459008081,0,10.797629244,4100,1,0,9,"both",0.921964358109039,-0.602235991837259
"5","session1",18.3432438281711,9.64407564547106,1.44564562395709,0.00260693808509972,0.633249434015811,0.4762388939253,0.449329585394444,1,1,20,0.921964358109039,-0.602235991837259,1,2.24102453560221,0,-10.86253,4100,1,0,9,"both",0.921964358109039,-0.602235991837259
"6","session1",18.3432438281711,9.64407564547106,1.44564562395709,0.00260693808509972,0.633249434015811,0.4762388939253,0.449329585394444,1,1,20,0.921964358109039,-0.602235991837259,1,1.97108836288343,0,15.95131,4100,1,0,9,"both",0.921964358109039,-0.602235991837259
"7","session1",18.3432438281711,9.64407564547106,1.44564562395709,0.00260693808509972,0.633249434015811,0.4762388939253,0.449329585394444,1,1,20,0.921964358109039,-0.602235991837259,1,3.02478971542847,1,20.9158,4100,1,0,9,"both",0.921964358109039,-0.602235991837259
"8","session1",18.3432438281711,9.64407564547106,1.44564562395709,0.00260693808509972,0.633249434015811,0.4762388939253,0.449329585394444,1,1,20,0.921964358109039,-0.602235991837259,1,2.85942616055109,0,8.34412,4100,1,0,9,"both",0.921964358109039,-0.602235991837259
"9","session1",18.3432438281711,9.64407564547106,1.44564562395709,0.00260693808509972,0.633249434015811,0.4762388939253,0.449329585394444,1,1,20,0.921964358109039,-0.602235991837259,1,1.86533764795072,0,15.66603,4100,1,0,9,"both",0.921964358109039,-0.602235991837259
"10","session1",18.3432438281711,9.64407564547106,1.44564562395709,0.00260693808509972,0.633249434015811,0.4762388939253,0.449329585394444,1,1,20,0.921964358109039,-0.602235991837259,1,3.5695045043732,0,21.81021,4100,1,0,9,"both",0.921964358109039,-0.602235991837259
"11","session1",18.3432438281711,9.64407564547106,1.44564562395709,0.00260693808509972,0.633249434015811,0.4762388939253,0.449329585394444,1,1,20,0.921964358109039,-0.602235991837259,1,2.21045187346434,0,-3.30083,4100,1,0,9,"both",0.921964358109039,-0.602235991837259
"12","session1",18.3432438281711,9.64407564547106,1.44564562395709,0.00260693808509972,0.633249434015811,0.4762388939253,0.449329585394444,1,1,20,0.921964358109039,-0.602235991837259,1,1.73735363613982,1,22.73043916,4100,1,0,9,"both",0.921964358109039,-0.602235991837259
"13","session1",18.3432438281711,9.64407564547106,1.44564562395709,0.00260693808509972,0.633249434015811,0.4762388939253,0.449329585394444,1,1,20,0.921964358109039,-0.602235991837259,1,3.97672673732041,0,9.76511,4100,1,0,9,"both",0.921964358109039,-0.602235991837259
"14","session1",18.3432438281711,9.64407564547106,1.44564562395709,0.00260693808509972,0.633249434015811,0.4762388939253,0.449329585394444,1,1,20,0.921964358109039,-0.602235991837259,1,2.11517700704912,0,17.90307,4100,1,0,9,"both",0.921964358109039,-0.602235991837259
"15","session1",18.3432438281711,9.64407564547106,1.44564562395709,0.00260693808509972,0.633249434015811,0.4762388939253,0.449329585394444,1,1,20,0.921964358109039,-0.602235991837259,1,2.21927019571082,1,20.88297,4100,1,0,9,"both",0.921964358109039,-0.602235991837259
"16","session1",18.3432438281711,9.64407564547106,1.44564562395709,0.00260693808509972,0.633249434015811,0.4762388939253,0.449329585394444,1,1,20,0.921964358109039,-0.602235991837259,1,4.55892629539752,1,41.4131,4100,1,0,9,"both",0.921964358109039,-0.602235991837259
"17","session1",18.3432438281711,9.64407564547106,1.44564562395709,0.00260693808509972,0.633249434015811,0.4762388939253,0.449329585394444,1,1,20,0.921964358109039,-0.602235991837259,1,4.27860898625655,1,24.46211,4100,1,0,9,"both",0.921964358109039,-0.602235991837259
"18","session1",18.3432438281711,9.64407564547106,1.44564562395709,0.00260693808509972,0.633249434015811,0.4762388939253,0.449329585394444,1,1,20,0.921964358109039,-0.602235991837259,1,1.474283286532,0,1.9391,4100,1,0,9,"both",0.921964358109039,-0.602235991837259
"19","session1",18.3432438281711,9.64407564547106,1.44564562395709,0.00260693808509972,0.633249434015811,0.4762388939253,0.449329585394444,1,1,20,0.921964358109039,-0.602235991837259,1,4.57328636087868,0,23.65897,4100,1,0,9,"both",0.921964358109039,-0.602235991837259
"20","session1",18.3432438281711,9.64407564547106,1.44564562395709,0.00260693808509972,0.633249434015811,0.4762388939253,0.449329585394444,1,1,20,0.921964358109039,-0.602235991837259,1,2.68427299550123,1,41.02971,4100,1,0,9,"both",0.921964358109039,-0.602235991837259
"21","session1",-2.82790012143583,11.6996232702175,3.96564790038486,0.0027386213125935,0.0859749114514867,0.509226541036915,0.665473512858561,2,1,20,0.921964358109039,-0.602235991837259,2,3.18048965119938,1,-8.8015437845,4100,1,0,9,"both",0.921964358109039,-0.602235991837259
"22","session1",-2.82790012143583,11.6996232702175,3.96564790038486,0.0027386213125935,0.0859749114514867,0.509226541036915,0.665473512858561,2,1,20,0.921964358109039,-0.602235991837259,2,2.37601692834452,0,-13.14451087501,4100,1,0,9,"both",0.921964358109039,-0.602235991837259
"23","session1",-2.82790012143583,11.6996232702175,3.96564790038486,0.0027386213125935,0.0859749114514867,0.509226541036915,0.665473512858561,2,1,20,0.921964358109039,-0.602235991837259,2,3.32951601006841,0,-1.752387925,4100,1,0,9,"both",0.921964358109039,-0.602235991837259
"24","session1",-2.82790012143583,11.6996232702175,3.96564790038486,0.0027386213125935,0.0859749114514867,0.509226541036915,0.665473512858561,2,1,20,0.921964358109039,-0.602235991837259,2,2.36845339468541,1,3.09291084519,4100,1,0,9,"both",0.921964358109039,-0.602235991837259
"25","session1",-2.82790012143583,11.6996232702175,3.96564790038486,0.0027386213125935,0.0859749114514867,0.509226541036915,0.665473512858561,2,1,20,0.921964358109039,-0.602235991837259,2,3.11907710823622,1,-2.634723447,4100,1,0,9,"both",0.921964358109039,-0.602235991837259
"26","session1",-2.82790012143583,11.6996232702175,3.96564790038486,0.0027386213125935,0.0859749114514867,0.509226541036915,0.665473512858561,2,1,20,0.921964358109039,-0.602235991837259,2,2.44878614631902,0,-40.2808,4100,1,0,9,"both",0.921964358109039,-0.602235991837259
"27","session1",-2.82790012143583,11.6996232702175,3.96564790038486,0.0027386213125935,0.0859749114514867,0.509226541036915,0.665473512858561,2,1,20,0.921964358109039,-0.602235991837259,2,4.28893944536332,0,-12.42124,4100,1,0,9,"both",0.921964358109039,-0.602235991837259
"28","session1",-2.82790012143583,11.6996232702175,3.96564790038486,0.0027386213125935,0.0859749114514867,0.509226541036915,0.665473512858561,2,1,20,0.921964358109039,-0.602235991837259,2,5.4911919058851,0,-4.973179,4100,1,0,9,"both",0.921964358109039,-0.602235991837259
"29","session1",-2.82790012143583,11.6996232702175,3.96564790038486,0.0027386213125935,0.0859749114514867,0.509226541036915,0.665473512858561,2,1,20,0.921964358109039,-0.602235991837259,2,2.06147896576238,0,-9.92412,4100,1,0,9,"both",0.921964358109039,-0.602235991837259
"30","session1",-2.82790012143583,11.6996232702175,3.96564790038486,0.0027386213125935,0.0859749114514867,0.509226541036915,0.665473512858561,2,1,20,0.921964358109039,-0.602235991837259,2,1.52557383202273,0,-13.03238,4100,1,0,9,"both",0.921964358109039,-0.602235991837259
"31","session1",-2.82790012143583,11.6996232702175,3.96564790038486,0.0027386213125935,0.0859749114514867,0.509226541036915,0.665473512858561,2,1,20,0.921964358109039,-0.602235991837259,2,1.69638830557706,1,4.74377,4100,1,0,9,"both",0.921964358109039,-0.602235991837259
"32","session1",-2.82790012143583,11.6996232702175,3.96564790038486,0.0027386213125935,0.0859749114514867,0.509226541036915,0.665473512858561,2,1,20,0.921964358109039,-0.602235991837259,2,2.35686620326594,1,5.92388,4100,1,0,9,"both",0.921964358109039,-0.602235991837259
"33","session1",-2.82790012143583,11.6996232702175,3.96564790038486,0.0027386213125935,0.0859749114514867,0.509226541036915,0.665473512858561,2,1,20,0.921964358109039,-0.602235991837259,2,4.27641987391372,0,-2.46192,4100,1,0,9,"both",0.921964358109039,-0.602235991837259
"34","session1",-2.82790012143583,11.6996232702175,3.96564790038486,0.0027386213125935,0.0859749114514867,0.509226541036915,0.665473512858561,2,1,20,0.921964358109039,-0.602235991837259,2,2.43949543504804,1,9.09827,4100,1,0,9,"both",0.921964358109039,-0.602235991837259
"35","session1",-2.82790012143583,11.6996232702175,3.96564790038486,0.0027386213125935,0.0859749114514867,0.509226541036915,0.665473512858561,2,1,20,0.921964358109039,-0.602235991837259,2,6.80102808581619,0,-7.0562,4100,1,0,9,"both",0.921964358109039,-0.602235991837259
"36","session1",-2.82790012143583,11.6996232702175,3.96564790038486,0.0027386213125935,0.0859749114514867,0.509226541036915,0.665473512858561,2,1,20,0.921964358109039,-0.602235991837259,2,2.73162240398531,0,-7.49573,4100,1,0,9,"both",0.921964358109039,-0.602235991837259
"37","session1",-2.82790012143583,11.6996232702175,3.96564790038486,0.0027386213125935,0.0859749114514867,0.509226541036915,0.665473512858561,2,1,20,0.921964358109039,-0.602235991837259,2,3.66920390778771,0,-4.59207,4100,1,0,9,"both",0.921964358109039,-0.602235991837259
"38","session1",-2.82790012143583,11.6996232702175,3.96564790038486,0.0027386213125935,0.0859749114514867,0.509226541036915,0.665473512858561,2,1,20,0.921964358109039,-0.602235991837259,2,6.10102184931851,0,1.42757,4100,1,0,9,"both",0.921964358109039,-0.602235991837259
"39","session1",-2.82790012143583,11.6996232702175,3.96564790038486,0.0027386213125935,0.0859749114514867,0.509226541036915,0.665473512858561,2,1,20,0.921964358109039,-0.602235991837259,2,2.02729998609914,1,4.79888,4100,1,0,9,"both",0.921964358109039,-0.602235991837259
"40","session1",-2.82790012143583,11.6996232702175,3.96564790038486,0.0027386213125935,0.0859749114514867,0.509226541036915,0.665473512858561,2,1,20,0.921964358109039,-0.602235991837259,2,2.48397532804816,1,-7.191538,4100,1,0,9,"both",0.921964358109039,-0.602235991837259
"41","session1",6.64419533270306,10.1629095518796,1.59381883699968,6.38104272107297e-05,0.0886714596678699,0.59709051132442,0.719061075106161,3,1,20,0.921964358109039,-0.602235991837259,3,2.83570199006575,0,9.476737626,4100,1,0,9,"both",0.921964358109039,-0.602235991837259
"42","session1",6.64419533270306,10.1629095518796,1.59381883699968,6.38104272107297e-05,0.0886714596678699,0.59709051132442,0.719061075106161,3,1,20,0.921964358109039,-0.602235991837259,3,8,0,11.18824688002,4100,1,0,9,"both",0.921964358109039,-0.602235991837259
"43","session1",6.64419533270306,10.1629095518796,1.59381883699968,6.38104272107297e-05,0.0886714596678699,0.59709051132442,0.719061075106161,3,1,20,0.921964358109039,-0.602235991837259,3,1.91468530765748,1,16.831827304,4100,1,0,9,"both",0.921964358109039,-0.602235991837259
"44","session1",6.64419533270306,10.1629095518796,1.59381883699968,6.38104272107297e-05,0.0886714596678699,0.59709051132442,0.719061075106161,3,1,20,0.921964358109039,-0.602235991837259,3,1.76924076396662,1,12.923003654,4100,1,0,9,"both",0.921964358109039,-0.602235991837259
"45","session1",6.64419533270306,10.1629095518796,1.59381883699968,6.38104272107297e-05,0.0886714596678699,0.59709051132442,0.719061075106161,3,1,20,0.921964358109039,-0.602235991837259,3,3.33232307584899,0,1.63736,4100,1,0,9,"both",0.921964358109039,-0.602235991837259
"46","session1",6.64419533270306,10.1629095518796,1.59381883699968,6.38104272107297e-05,0.0886714596678699,0.59709051132442,0.719061075106161,3,1,20,0.921964358109039,-0.602235991837259,3,4.23195050858859,0,11.545230845,4100,1,0,9,"both",0.921964358109039,-0.602235991837259
"47","session1",6.64419533270306,10.1629095518796,1.59381883699968,6.38104272107297e-05,0.0886714596678699,0.59709051132442,0.719061075106161,3,1,20,0.921964358109039,-0.602235991837259,3,2.12463355063406,0,10.32445,4100,1,0,9,"both",0.921964358109039,-0.602235991837259
"48","session1",6.64419533270306,10.1629095518796,1.59381883699968,6.38104272107297e-05,0.0886714596678699,0.59709051132442,0.719061075106161,3,1,20,0.921964358109039,-0.602235991837259,3,1.41229965769255,1,12.79247,4100,1,0,9,"both",0.921964358109039,-0.602235991837259
"49","session1",6.64419533270306,10.1629095518796,1.59381883699968,6.38104272107297e-05,0.0886714596678699,0.59709051132442,0.719061075106161,3,1,20,0.921964358109039,-0.602235991837259,3,3.52489615185144,0,6.20832,4100,1,0,9,"both",0.921964358109039,-0.602235991837259
"50","session1",6.64419533270306,10.1629095518796,1.59381883699968,6.38104272107297e-05,0.0886714596678699,0.59709051132442,0.719061075106161,3,1,20,0.921964358109039,-0.602235991837259,3,2.49507228031111,1,15.68108,4100,1,0,9,"both",0.921964358109039,-0.602235991837259
"51","session1",6.64419533270306,10.1629095518796,1.59381883699968,6.38104272107297e-05,0.0886714596678699,0.59709051132442,0.719061075106161,3,1,20,0.921964358109039,-0.602235991837259,3,1.73189560958225,1,11.72389,4100,1,0,9,"both",0.921964358109039,-0.602235991837259
"52","session1",6.64419533270306,10.1629095518796,1.59381883699968,6.38104272107297e-05,0.0886714596678699,0.59709051132442,0.719061075106161,3,1,20,0.921964358109039,-0.602235991837259,3,1.50844247910785,0,12.9281,4100,1,0,9,"both",0.921964358109039,-0.602235991837259
"53","session1",6.64419533270306,10.1629095518796,1.59381883699968,6.38104272107297e-05,0.0886714596678699,0.59709051132442,0.719061075106161,3,1,20,0.921964358109039,-0.602235991837259,3,1.70897969864976,1,10.93465,4100,1,0,9,"both",0.921964358109039,-0.602235991837259
"54","session1",6.64419533270306,10.1629095518796,1.59381883699968,6.38104272107297e-05,0.0886714596678699,0.59709051132442,0.719061075106161,3,1,20,0.921964358109039,-0.602235991837259,3,2.12173236310181,0,12.7088,4100,1,0,9,"both",0.921964358109039,-0.602235991837259
"55","session1",6.64419533270306,10.1629095518796,1.59381883699968,6.38104272107297e-05,0.0886714596678699,0.59709051132442,0.719061075106161,3,1,20,0.921964358109039,-0.602235991837259,3,1.83455330381949,0,12.98874,4100,1,0,9,"both",0.921964358109039,-0.602235991837259
"56","session1",6.64419533270306,10.1629095518796,1.59381883699968,6.38104272107297e-05,0.0886714596678699,0.59709051132442,0.719061075106161,3,1,20,0.921964358109039,-0.602235991837259,3,2.78520378710931,1,9.9733,4100,1,0,9,"both",0.921964358109039,-0.602235991837259
"57","session1",6.64419533270306,10.1629095518796,1.59381883699968,6.38104272107297e-05,0.0886714596678699,0.59709051132442,0.719061075106161,3,1,20,0.921964358109039,-0.602235991837259,3,2.85657402693137,1,11.817518031,4100,1,0,9,"both",0.921964358109039,-0.602235991837259
"58","session1",6.64419533270306,10.1629095518796,1.59381883699968,6.38104272107297e-05,0.0886714596678699,0.59709051132442,0.719061075106161,3,1,20,0.921964358109039,-0.602235991837259,3,3.88210315887282,0,7.36282,4100,1,0,9,"both",0.921964358109039,-0.602235991837259
"59","session1",6.64419533270306,10.1629095518796,1.59381883699968,6.38104272107297e-05,0.0886714596678699,0.59709051132442,0.719061075106161,3,1,20,0.921964358109039,-0.602235991837259,3,2.39755894715209,1,11.3701169084,4100,1,0,9,"both",0.921964358109039,-0.602235991837259
"60","session1",6.64419533270306,10.1629095518796,1.59381883699968,6.38104272107297e-05,0.0886714596678699,0.59709051132442,0.719061075106161,3,1,20,0.921964358109039,-0.602235991837259,3,2.09524337728278,1,10.62685,4100,1,0,9,"both",0.921964358109039,-0.602235991837259
"61","session1",-19.7421379536978,7.58645675214496,2.72395660259188,0.00319088990227829,-0.0182510623981538,0.782792199297405,0.845466987222663,4,1,20,0.921964358109039,-0.602235991837259,4,3.86715998933527,1,-2.8924181976,4100,1,0,9,"both",0.921964358109039,-0.602235991837259
"62","session1",-19.7421379536978,7.58645675214496,2.72395660259188,0.00319088990227829,-0.0182510623981538,0.782792199297405,0.845466987222663,4,1,20,0.921964358109039,-0.602235991837259,4,1.27705086108543,1,-10.42542713,4100,1,0,9,"both",0.921964358109039,-0.602235991837259
"63","session1",-19.7421379536978,7.58645675214496,2.72395660259188,0.00319088990227829,-0.0182510623981538,0.782792199297405,0.845466987222663,4,1,20,0.921964358109039,-0.602235991837259,4,2.47233331256565,0,-17.7622223938,4100,1,0,9,"both",0.921964358109039,-0.602235991837259
"64","session1",-19.7421379536978,7.58645675214496,2.72395660259188,0.00319088990227829,-0.0182510623981538,0.782792199297405,0.845466987222663,4,1,20,0.921964358109039,-0.602235991837259,4,2.20259834235375,1,-10.5234302988,4100,1,0,9,"both",0.921964358109039,-0.602235991837259
"65","session1",-19.7421379536978,7.58645675214496,2.72395660259188,0.00319088990227829,-0.0182510623981538,0.782792199297405,0.845466987222663,4,1,20,0.921964358109039,-0.602235991837259,4,4.66855504713166,1,-17.96853,4100,1,0,9,"both",0.921964358109039,-0.602235991837259
"66","session1",-19.7421379536978,7.58645675214496,2.72395660259188,0.00319088990227829,-0.0182510623981538,0.782792199297405,0.845466987222663,4,1,20,0.921964358109039,-0.602235991837259,4,1.94019072425836,1,-25.5274,4100,1,0,9,"both",0.921964358109039,-0.602235991837259
"67","session1",-19.7421379536978,7.58645675214496,2.72395660259188,0.00319088990227829,-0.0182510623981538,0.782792199297405,0.845466987222663,4,1,20,0.921964358109039,-0.602235991837259,4,4.51091218933068,1,-21.41922,4100,1,0,9,"both",0.921964358109039,-0.602235991837259
"68","session1",-19.7421379536978,7.58645675214496,2.72395660259188,0.00319088990227829,-0.0182510623981538,0.782792199297405,0.845466987222663,4,1,20,0.921964358109039,-0.602235991837259,4,1.18196744781425,1,-13.1109,4100,1,0,9,"both",0.921964358109039,-0.602235991837259
"69","session1",-19.7421379536978,7.58645675214496,2.72395660259188,0.00319088990227829,-0.0182510623981538,0.782792199297405,0.845466987222663,4,1,20,0.921964358109039,-0.602235991837259,4,1.49539787864147,0,-39.57284,4100,1,0,9,"both",0.921964358109039,-0.602235991837259
"70","session1",-19.7421379536978,7.58645675214496,2.72395660259188,0.00319088990227829,-0.0182510623981538,0.782792199297405,0.845466987222663,4,1,20,0.921964358109039,-0.602235991837259,4,3.6705416030367,0,-29.45426,4100,1,0,9,"both",0.921964358109039,-0.602235991837259
"71","session1",-19.7421379536978,7.58645675214496,2.72395660259188,0.00319088990227829,-0.0182510623981538,0.782792199297405,0.845466987222663,4,1,20,0.921964358109039,-0.602235991837259,4,2.45791557791064,0,-31.3202,4100,1,0,9,"both",0.921964358109039,-0.602235991837259
"72","session1",-19.7421379536978,7.58645675214496,2.72395660259188,0.00319088990227829,-0.0182510623981538,0.782792199297405,0.845466987222663,4,1,20,0.921964358109039,-0.602235991837259,4,2.29742497861284,1,-16.18905,4100,1,0,9,"both",0.921964358109039,-0.602235991837259
"73","session1",-19.7421379536978,7.58645675214496,2.72395660259188,0.00319088990227829,-0.0182510623981538,0.782792199297405,0.845466987222663,4,1,20,0.921964358109039,-0.602235991837259,4,2.51420686097483,0,-49.6171,4100,1,0,9,"both",0.921964358109039,-0.602235991837259
"74","session1",-19.7421379536978,7.58645675214496,2.72395660259188,0.00319088990227829,-0.0182510623981538,0.782792199297405,0.845466987222663,4,1,20,0.921964358109039,-0.602235991837259,4,3.59974378761634,0,-34.9114,4100,1,0,9,"both",0.921964358109039,-0.602235991837259
"75","session1",-19.7421379536978,7.58645675214496,2.72395660259188,0.00319088990227829,-0.0182510623981538,0.782792199297405,0.845466987222663,4,1,20,0.921964358109039,-0.602235991837259,4,1.81443008826768,0,-39.4053,4100,1,0,9,"both",0.921964358109039,-0.602235991837259
"76","session1",-19.7421379536978,7.58645675214496,2.72395660259188,0.00319088990227829,-0.0182510623981538,0.782792199297405,0.845466987222663,4,1,20,0.921964358109039,-0.602235991837259,4,1.26559394495474,1,-6.4564,4100,1,0,9,"both",0.921964358109039,-0.602235991837259
"77","session1",-19.7421379536978,7.58645675214496,2.72395660259188,0.00319088990227829,-0.0182510623981538,0.782792199297405,0.845466987222663,4,1,20,0.921964358109039,-0.602235991837259,4,4.0935696959216,0,-37.566,4100,1,0,9,"both",0.921964358109039,-0.602235991837259
"78","session1",-19.7421379536978,7.58645675214496,2.72395660259188,0.00319088990227829,-0.0182510623981538,0.782792199297405,0.845466987222663,4,1,20,0.921964358109039,-0.602235991837259,4,1.86783306231616,1,-18.56514,4100,1,0,9,"both",0.921964358109039,-0.602235991837259
"79","session1",-19.7421379536978,7.58645675214496,2.72395660259188,0.00319088990227829,-0.0182510623981538,0.782792199297405,0.845466987222663,4,1,20,0.921964358109039,-0.602235991837259,4,1.35018331299958,1,-30.12292,4100,1,0,9,"both",0.921964358109039,-0.602235991837259
"80","session1",-19.7421379536978,7.58645675214496,2.72395660259188,0.00319088990227829,-0.0182510623981538,0.782792199297405,0.845466987222663,4,1,20,0.921964358109039,-0.602235991837259,4,3.37883573598791,0,-30.06401,4100,1,0,9,"both",0.921964358109039,-0.602235991837259
"81","session1",-5.06142655090276,7.63657641348263,2.33228309670719,0.0607986830983333,0.189391677515766,0.551818162914714,0.669177972497629,5,1,20,0.921964358109039,-0.602235991837259,5,3.91858474184928,1,9.3658175895,4100,1,0,9,"both",0.921964358109039,-0.602235991837259
"82","session1",-5.06142655090276,7.63657641348263,2.33228309670719,0.0607986830983333,0.189391677515766,0.551818162914714,0.669177972497629,5,1,20,0.921964358109039,-0.602235991837259,5,5.04035848583213,1,-6.1467112329,4100,1,0,9,"both",0.921964358109039,-0.602235991837259
"83","session1",-5.06142655090276,7.63657641348263,2.33228309670719,0.0607986830983333,0.189391677515766,0.551818162914714,0.669177972497629,5,1,20,0.921964358109039,-0.602235991837259,5,3.06203401683955,0,-15.3481145768,4100,1,0,9,"both",0.921964358109039,-0.602235991837259
"84","session1",-5.06142655090276,7.63657641348263,2.33228309670719,0.0607986830983333,0.189391677515766,0.551818162914714,0.669177972497629,5,1,20,0.921964358109039,-0.602235991837259,5,3.48457280069357,1,-7.851272126,4100,1,0,9,"both",0.921964358109039,-0.602235991837259
"85","session1",-5.06142655090276,7.63657641348263,2.33228309670719,0.0607986830983333,0.189391677515766,0.551818162914714,0.669177972497629,5,1,20,0.921964358109039,-0.602235991837259,5,3.58108961972324,0,-16.39157,4100,1,0,9,"both",0.921964358109039,-0.602235991837259
"86","session1",-5.06142655090276,7.63657641348263,2.33228309670719,0.0607986830983333,0.189391677515766,0.551818162914714,0.669177972497629,5,1,20,0.921964358109039,-0.602235991837259,5,2.90450800821168,1,-4.84322,4100,1,0,9,"both",0.921964358109039,-0.602235991837259
"87","session1",-5.06142655090276,7.63657641348263,2.33228309670719,0.0607986830983333,0.189391677515766,0.551818162914714,0.669177972497629,5,1,20,0.921964358109039,-0.602235991837259,5,2.47045985271604,0,-9.10485,4100,1,0,9,"both",0.921964358109039,-0.602235991837259
"88","session1",-5.06142655090276,7.63657641348263,2.33228309670719,0.0607986830983333,0.189391677515766,0.551818162914714,0.669177972497629,5,1,20,0.921964358109039,-0.602235991837259,5,2.1465050574138,0,-0.532739999999999,4100,1,0,9,"both",0.921964358109039,-0.602235991837259
"89","session1",-5.06142655090276,7.63657641348263,2.33228309670719,0.0607986830983333,0.189391677515766,0.551818162914714,0.669177972497629,5,1,20,0.921964358109039,-0.602235991837259,5,2.42164515500109,0,-37.8156,4100,1,0,9,"both",0.921964358109039,-0.602235991837259
"90","session1",-5.06142655090276,7.63657641348263,2.33228309670719,0.0607986830983333,0.189391677515766,0.551818162914714,0.669177972497629,5,1,20,0.921964358109039,-0.602235991837259,5,3.04422470229054,1,7.0368,4100,1,0,9,"both",0.921964358109039,-0.602235991837259
"91","session1",-5.06142655090276,7.63657641348263,2.33228309670719,0.0607986830983333,0.189391677515766,0.551818162914714,0.669177972497629,5,1,20,0.921964358109039,-0.602235991837259,5,1.68479401348232,0,-12.53593,4100,1,0,9,"both",0.921964358109039,-0.602235991837259
"92","session1",-5.06142655090276,7.63657641348263,2.33228309670719,0.0607986830983333,0.189391677515766,0.551818162914714,0.669177972497629,5,1,20,0.921964358109039,-0.602235991837259,5,3.00864448756099,0,-16.92014,4100,1,0,9,"both",0.921964358109039,-0.602235991837259
"93","session1",-5.06142655090276,7.63657641348263,2.33228309670719,0.0607986830983333,0.189391677515766,0.551818162914714,0.669177972497629,5,1,20,0.921964358109039,-0.602235991837259,5,3.01034473262156,1,-8.74635,4100,1,0,9,"both",0.921964358109039,-0.602235991837259
"94","session1",-5.06142655090276,7.63657641348263,2.33228309670719,0.0607986830983333,0.189391677515766,0.551818162914714,0.669177972497629,5,1,20,0.921964358109039,-0.602235991837259,5,1.56058766498745,1,-4.88657,4100,1,0,9,"both",0.921964358109039,-0.602235991837259
"95","session1",-5.06142655090276,7.63657641348263,2.33228309670719,0.0607986830983333,0.189391677515766,0.551818162914714,0.669177972497629,5,1,20,0.921964358109039,-0.602235991837259,5,3.88710113168883,1,-8.60325,4100,1,0,9,"both",0.921964358109039,-0.602235991837259
"96","session1",-5.06142655090276,7.63657641348263,2.33228309670719,0.0607986830983333,0.189391677515766,0.551818162914714,0.669177972497629,5,1,20,0.921964358109039,-0.602235991837259,5,5.72139283023566,0,-7.0664,4100,1,0,9,"both",0.921964358109039,-0.602235991837259
"97","session1",-5.06142655090276,7.63657641348263,2.33228309670719,0.0607986830983333,0.189391677515766,0.551818162914714,0.669177972497629,5,1,20,0.921964358109039,-0.602235991837259,5,4.17700740834766,1,0.58082,4100,1,0,9,"both",0.921964358109039,-0.602235991837259
"98","session1",-5.06142655090276,7.63657641348263,2.33228309670719,0.0607986830983333,0.189391677515766,0.551818162914714,0.669177972497629,5,1,20,0.921964358109039,-0.602235991837259,5,2.75585766567341,1,-8.28326,4100,1,0,9,"both",0.921964358109039,-0.602235991837259
"99","session1",-5.06142655090276,7.63657641348263,2.33228309670719,0.0607986830983333,0.189391677515766,0.551818162914714,0.669177972497629,5,1,20,0.921964358109039,-0.602235991837259,5,4.90885775586494,0,-10.214,4100,1,0,9,"both",0.921964358109039,-0.602235991837259
"100","session1",-5.06142655090276,7.63657641348263,2.33228309670719,0.0607986830983333,0.189391677515766,0.551818162914714,0.669177972497629,5,1,20,0.921964358109039,-0.602235991837259,5,1.90455727758292,0,-11.80633,4100,1,0,9,"both",0.921964358109039,-0.602235991837259
"101","session1",-5.01413021581341,16.3729704556981,1.22838101106931,2.23996757114402e-05,0.838281270131083,0.404970565612522,0.333531537325364,6,1,20,0.921964358109039,-0.602235991837259,6,2.27296881372103,1,9.4260815655,4100,1,0,9,"both",0.921964358109039,-0.602235991837259
"102","session1",-5.01413021581341,16.3729704556981,1.22838101106931,2.23996757114402e-05,0.838281270131083,0.404970565612522,0.333531537325364,6,1,20,0.921964358109039,-0.602235991837259,6,4.29299541217365,1,-6.3053694066,4100,1,0,9,"both",0.921964358109039,-0.602235991837259
"103","session1",-5.01413021581341,16.3729704556981,1.22838101106931,2.23996757114402e-05,0.838281270131083,0.404970565612522,0.333531537325364,6,1,20,0.921964358109039,-0.602235991837259,6,2.79929147441661,0,-14.317107474,4100,1,0,9,"both",0.921964358109039,-0.602235991837259
"104","session1",-5.01413021581341,16.3729704556981,1.22838101106931,2.23996757114402e-05,0.838281270131083,0.404970565612522,0.333531537325364,6,1,20,0.921964358109039,-0.602235991837259,6,4.63204655372287,0,-8.2041973538,4100,1,0,9,"both",0.921964358109039,-0.602235991837259
"105","session1",-5.01413021581341,16.3729704556981,1.22838101106931,2.23996757114402e-05,0.838281270131083,0.404970565612522,0.333531537325364,6,1,20,0.921964358109039,-0.602235991837259,6,2.00337452842526,1,8.56018,4100,1,0,9,"both",0.921964358109039,-0.602235991837259
"106","session1",-5.01413021581341,16.3729704556981,1.22838101106931,2.23996757114402e-05,0.838281270131083,0.404970565612522,0.333531537325364,6,1,20,0.921964358109039,-0.602235991837259,6,6.23367017485587,0,-10.54583,4100,1,0,9,"both",0.921964358109039,-0.602235991837259
"107","session1",-5.01413021581341,16.3729704556981,1.22838101106931,2.23996757114402e-05,0.838281270131083,0.404970565612522,0.333531537325364,6,1,20,0.921964358109039,-0.602235991837259,6,5.09484351610489,1,-3.976847388,4100,1,0,9,"both",0.921964358109039,-0.602235991837259
"108","session1",-5.01413021581341,16.3729704556981,1.22838101106931,2.23996757114402e-05,0.838281270131083,0.404970565612522,0.333531537325364,6,1,20,0.921964358109039,-0.602235991837259,6,2.80684921297194,0,-12.42206,4100,1,0,9,"both",0.921964358109039,-0.602235991837259
"109","session1",-5.01413021581341,16.3729704556981,1.22838101106931,2.23996757114402e-05,0.838281270131083,0.404970565612522,0.333531537325364,6,1,20,0.921964358109039,-0.602235991837259,6,2.73294676496643,1,-11.08209,4100,1,0,9,"both",0.921964358109039,-0.602235991837259
"110","session1",-5.01413021581341,16.3729704556981,1.22838101106931,2.23996757114402e-05,0.838281270131083,0.404970565612522,0.333531537325364,6,1,20,0.921964358109039,-0.602235991837259,6,3.5355200182172,0,-2.504,4100,1,0,9,"both",0.921964358109039,-0.602235991837259
"111","session1",-5.01413021581341,16.3729704556981,1.22838101106931,2.23996757114402e-05,0.838281270131083,0.404970565612522,0.333531537325364,6,1,20,0.921964358109039,-0.602235991837259,6,4.98893006881689,0,-32.93022,4100,1,0,9,"both",0.921964358109039,-0.602235991837259
"112","session1",-5.01413021581341,16.3729704556981,1.22838101106931,2.23996757114402e-05,0.838281270131083,0.404970565612522,0.333531537325364,6,1,20,0.921964358109039,-0.602235991837259,6,1.54377377415129,0,8.83131,4100,1,0,9,"both",0.921964358109039,-0.602235991837259
"113","session1",-5.01413021581341,16.3729704556981,1.22838101106931,2.23996757114402e-05,0.838281270131083,0.404970565612522,0.333531537325364,6,1,20,0.921964358109039,-0.602235991837259,6,4.53192462299129,0,1.84702,4100,1,0,9,"both",0.921964358109039,-0.602235991837259
"114","session1",-5.01413021581341,16.3729704556981,1.22838101106931,2.23996757114402e-05,0.838281270131083,0.404970565612522,0.333531537325364,6,1,20,0.921964358109039,-0.602235991837259,6,3.0873671045242,1,4.08430783048,4100,1,0,9,"both",0.921964358109039,-0.602235991837259
"115","session1",-5.01413021581341,16.3729704556981,1.22838101106931,2.23996757114402e-05,0.838281270131083,0.404970565612522,0.333531537325364,6,1,20,0.921964358109039,-0.602235991837259,6,6.73065176369123,0,-18.37578,4100,1,0,9,"both",0.921964358109039,-0.602235991837259
"116","session1",-5.01413021581341,16.3729704556981,1.22838101106931,2.23996757114402e-05,0.838281270131083,0.404970565612522,0.333531537325364,6,1,20,0.921964358109039,-0.602235991837259,6,2.18435501039339,1,-11.18595,4100,1,0,9,"both",0.921964358109039,-0.602235991837259
"117","session1",-5.01413021581341,16.3729704556981,1.22838101106931,2.23996757114402e-05,0.838281270131083,0.404970565612522,0.333531537325364,6,1,20,0.921964358109039,-0.602235991837259,6,2.68495287971021,1,-22.70844,4100,1,0,9,"both",0.921964358109039,-0.602235991837259
"118","session1",-5.01413021581341,16.3729704556981,1.22838101106931,2.23996757114402e-05,0.838281270131083,0.404970565612522,0.333531537325364,6,1,20,0.921964358109039,-0.602235991837259,6,2.96777832741696,1,-0.37997541206,4100,1,0,9,"both",0.921964358109039,-0.602235991837259
"119","session1",-5.01413021581341,16.3729704556981,1.22838101106931,2.23996757114402e-05,0.838281270131083,0.404970565612522,0.333531537325364,6,1,20,0.921964358109039,-0.602235991837259,6,1.0257945222428,1,40.51297,4100,1,0,9,"both",0.921964358109039,-0.602235991837259
"120","session1",-5.01413021581341,16.3729704556981,1.22838101106931,2.23996757114402e-05,0.838281270131083,0.404970565612522,0.333531537325364,6,1,20,0.921964358109039,-0.602235991837259,6,1.9403308984543,0,-4.52537583488,4100,1,0,9,"both",0.921964358109039,-0.602235991837259
"121","session1",10.2104310961933,21.9789954132672,3.08286262451901,3.39601508321496e-05,0.407449938122612,0.30433651462265,0.120302536809801,7,1,20,0.921964358109039,-0.602235991837259,7,4.36926110539149,1,7.9030097092,4100,1,0,9,"both",0.921964358109039,-0.602235991837259
"122","session1",10.2104310961933,21.9789954132672,3.08286262451901,3.39601508321496e-05,0.407449938122612,0.30433651462265,0.120302536809801,7,1,20,0.921964358109039,-0.602235991837259,7,3.23231543549884,0,-6.8170786551,4100,1,0,9,"both",0.921964358109039,-0.602235991837259
"123","session1",10.2104310961933,21.9789954132672,3.08286262451901,3.39601508321496e-05,0.407449938122612,0.30433651462265,0.120302536809801,7,1,20,0.921964358109039,-0.602235991837259,7,4.19774153693455,0,-0.0844949992070001,4100,1,0,9,"both",0.921964358109039,-0.602235991837259
"124","session1",10.2104310961933,21.9789954132672,3.08286262451901,3.39601508321496e-05,0.407449938122612,0.30433651462265,0.120302536809801,7,1,20,0.921964358109039,-0.602235991837259,7,5.10727570834125,1,5.1185247829,4100,1,0,9,"both",0.921964358109039,-0.602235991837259
"125","session1",10.2104310961933,21.9789954132672,3.08286262451901,3.39601508321496e-05,0.407449938122612,0.30433651462265,0.120302536809801,7,1,20,0.921964358109039,-0.602235991837259,7,2.29393141118931,0,-6.5776,4100,1,0,9,"both",0.921964358109039,-0.602235991837259
"126","session1",10.2104310961933,21.9789954132672,3.08286262451901,3.39601508321496e-05,0.407449938122612,0.30433651462265,0.120302536809801,7,1,20,0.921964358109039,-0.602235991837259,7,2.83482657554306,0,-0.12776,4100,1,0,9,"both",0.921964358109039,-0.602235991837259
"127","session1",10.2104310961933,21.9789954132672,3.08286262451901,3.39601508321496e-05,0.407449938122612,0.30433651462265,0.120302536809801,7,1,20,0.921964358109039,-0.602235991837259,7,2.80862913283731,1,2.62776,4100,1,0,9,"both",0.921964358109039,-0.602235991837259
"128","session1",10.2104310961933,21.9789954132672,3.08286262451901,3.39601508321496e-05,0.407449938122612,0.30433651462265,0.120302536809801,7,1,20,0.921964358109039,-0.602235991837259,7,2.59347647023489,0,7.84764,4100,1,0,9,"both",0.921964358109039,-0.602235991837259
"129","session1",10.2104310961933,21.9789954132672,3.08286262451901,3.39601508321496e-05,0.407449938122612,0.30433651462265,0.120302536809801,7,1,20,0.921964358109039,-0.602235991837259,7,3.6945912701289,0,4.08458,4100,1,0,9,"both",0.921964358109039,-0.602235991837259
"130","session1",10.2104310961933,21.9789954132672,3.08286262451901,3.39601508321496e-05,0.407449938122612,0.30433651462265,0.120302536809801,7,1,20,0.921964358109039,-0.602235991837259,7,3.64163807691989,0,7.181237530184,4100,1,0,9,"both",0.921964358109039,-0.602235991837259
"131","session1",10.2104310961933,21.9789954132672,3.08286262451901,3.39601508321496e-05,0.407449938122612,0.30433651462265,0.120302536809801,7,1,20,0.921964358109039,-0.602235991837259,7,4.78925749955722,1,25.53837,4100,1,0,9,"both",0.921964358109039,-0.602235991837259
"132","session1",10.2104310961933,21.9789954132672,3.08286262451901,3.39601508321496e-05,0.407449938122612,0.30433651462265,0.120302536809801,7,1,20,0.921964358109039,-0.602235991837259,7,3.01597474975311,0,0.68661,4100,1,0,9,"both",0.921964358109039,-0.602235991837259
"133","session1",10.2104310961933,21.9789954132672,3.08286262451901,3.39601508321496e-05,0.407449938122612,0.30433651462265,0.120302536809801,7,1,20,0.921964358109039,-0.602235991837259,7,4.21413796562698,1,12.76927,4100,1,0,9,"both",0.921964358109039,-0.602235991837259
"134","session1",10.2104310961933,21.9789954132672,3.08286262451901,3.39601508321496e-05,0.407449938122612,0.30433651462265,0.120302536809801,7,1,20,0.921964358109039,-0.602235991837259,7,2.17223302615534,1,15.35776,4100,1,0,9,"both",0.921964358109039,-0.602235991837259
"135","session1",10.2104310961933,21.9789954132672,3.08286262451901,3.39601508321496e-05,0.407449938122612,0.30433651462265,0.120302536809801,7,1,20,0.921964358109039,-0.602235991837259,7,3.25643404203465,0,2.95236,4100,1,0,9,"both",0.921964358109039,-0.602235991837259
"136","session1",10.2104310961933,21.9789954132672,3.08286262451901,3.39601508321496e-05,0.407449938122612,0.30433651462265,0.120302536809801,7,1,20,0.921964358109039,-0.602235991837259,7,3.76829251972458,0,11.22781,4100,1,0,9,"both",0.921964358109039,-0.602235991837259
"137","session1",10.2104310961933,21.9789954132672,3.08286262451901,3.39601508321496e-05,0.407449938122612,0.30433651462265,0.120302536809801,7,1,20,0.921964358109039,-0.602235991837259,7,2.58949714814164,0,7.03036,4100,1,0,9,"both",0.921964358109039,-0.602235991837259
"138","session1",10.2104310961933,21.9789954132672,3.08286262451901,3.39601508321496e-05,0.407449938122612,0.30433651462265,0.120302536809801,7,1,20,0.921964358109039,-0.602235991837259,7,3.13070527261536,1,1.92237,4100,1,0,9,"both",0.921964358109039,-0.602235991837259
"139","session1",10.2104310961933,21.9789954132672,3.08286262451901,3.39601508321496e-05,0.407449938122612,0.30433651462265,0.120302536809801,7,1,20,0.921964358109039,-0.602235991837259,7,6.53284267131037,1,10.448720797,4100,1,0,9,"both",0.921964358109039,-0.602235991837259
"140","session1",10.2104310961933,21.9789954132672,3.08286262451901,3.39601508321496e-05,0.407449938122612,0.30433651462265,0.120302536809801,7,1,20,0.921964358109039,-0.602235991837259,7,3.04814206681084,1,30.8511,4100,1,0,9,"both",0.921964358109039,-0.602235991837259
"141","session1",-19.6773972703496,14.85746918649,5.9040915677979,0.00024827813155111,-0.576987348827644,0.753929195465872,0.891445945989392,8,1,20,0.921964358109039,-0.602235991837259,8,4.77228262397607,1,-8.66073621945,4100,1,0,9,"both",0.921964358109039,-0.602235991837259
"142","session1",-19.6773972703496,14.85746918649,5.9040915677979,0.00024827813155111,-0.576987348827644,0.753929195465872,0.891445945989392,8,1,20,0.921964358109039,-0.602235991837259,8,1.5378771826997,0,-11.3101895054,4100,1,0,9,"both",0.921964358109039,-0.602235991837259
"143","session1",-19.6773972703496,14.85746918649,5.9040915677979,0.00024827813155111,-0.576987348827644,0.753929195465872,0.891445945989392,8,1,20,0.921964358109039,-0.602235991837259,8,3.80158473687708,1,-3.408078007,4100,1,0,9,"both",0.921964358109039,-0.602235991837259
"144","session1",-19.6773972703496,14.85746918649,5.9040915677979,0.00024827813155111,-0.576987348827644,0.753929195465872,0.891445945989392,8,1,20,0.921964358109039,-0.602235991837259,8,1.16299706838052,1,-9.8561926153,4100,1,0,9,"both",0.921964358109039,-0.602235991837259
"145","session1",-19.6773972703496,14.85746918649,5.9040915677979,0.00024827813155111,-0.576987348827644,0.753929195465872,0.891445945989392,8,1,20,0.921964358109039,-0.602235991837259,8,1.98852584471143,1,-14.478696285,4100,1,0,9,"both",0.921964358109039,-0.602235991837259
"146","session1",-19.6773972703496,14.85746918649,5.9040915677979,0.00024827813155111,-0.576987348827644,0.753929195465872,0.891445945989392,8,1,20,0.921964358109039,-0.602235991837259,8,2.24306103970981,1,-3.49854,4100,1,0,9,"both",0.921964358109039,-0.602235991837259
"147","session1",-19.6773972703496,14.85746918649,5.9040915677979,0.00024827813155111,-0.576987348827644,0.753929195465872,0.891445945989392,8,1,20,0.921964358109039,-0.602235991837259,8,3.22604689299358,1,-3.14843,4100,1,0,9,"both",0.921964358109039,-0.602235991837259
"148","session1",-19.6773972703496,14.85746918649,5.9040915677979,0.00024827813155111,-0.576987348827644,0.753929195465872,0.891445945989392,8,1,20,0.921964358109039,-0.602235991837259,8,2.3680133667826,0,-34.55391,4100,1,0,9,"both",0.921964358109039,-0.602235991837259
"149","session1",-19.6773972703496,14.85746918649,5.9040915677979,0.00024827813155111,-0.576987348827644,0.753929195465872,0.891445945989392,8,1,20,0.921964358109039,-0.602235991837259,8,2.66918893597331,0,-18.70058,4100,1,0,9,"both",0.921964358109039,-0.602235991837259
"150","session1",-19.6773972703496,14.85746918649,5.9040915677979,0.00024827813155111,-0.576987348827644,0.753929195465872,0.891445945989392,8,1,20,0.921964358109039,-0.602235991837259,8,3.16961126137317,0,-22.6238,4100,1,0,9,"both",0.921964358109039,-0.602235991837259
"151","session1",-19.6773972703496,14.85746918649,5.9040915677979,0.00024827813155111,-0.576987348827644,0.753929195465872,0.891445945989392,8,1,20,0.921964358109039,-0.602235991837259,8,3.43274519861996,1,-23.8901,4100,1,0,9,"both",0.921964358109039,-0.602235991837259
"152","session1",-19.6773972703496,14.85746918649,5.9040915677979,0.00024827813155111,-0.576987348827644,0.753929195465872,0.891445945989392,8,1,20,0.921964358109039,-0.602235991837259,8,2.93412293089053,1,-19.654439974,4100,1,0,9,"both",0.921964358109039,-0.602235991837259
"153","session1",-19.6773972703496,14.85746918649,5.9040915677979,0.00024827813155111,-0.576987348827644,0.753929195465872,0.891445945989392,8,1,20,0.921964358109039,-0.602235991837259,8,4.83824383785084,0,-20.06235634,4100,1,0,9,"both",0.921964358109039,-0.602235991837259
"154","session1",-19.6773972703496,14.85746918649,5.9040915677979,0.00024827813155111,-0.576987348827644,0.753929195465872,0.891445945989392,8,1,20,0.921964358109039,-0.602235991837259,8,1.67095807168001,1,-9.34342,4100,1,0,9,"both",0.921964358109039,-0.602235991837259
"155","session1",-19.6773972703496,14.85746918649,5.9040915677979,0.00024827813155111,-0.576987348827644,0.753929195465872,0.891445945989392,8,1,20,0.921964358109039,-0.602235991837259,8,8,1,-14.05998,4100,1,0,9,"both",0.921964358109039,-0.602235991837259
"156","session1",-19.6773972703496,14.85746918649,5.9040915677979,0.00024827813155111,-0.576987348827644,0.753929195465872,0.891445945989392,8,1,20,0.921964358109039,-0.602235991837259,8,2.65493248413274,0,-19.67849,4100,1,0,9,"both",0.921964358109039,-0.602235991837259
"157","session1",-19.6773972703496,14.85746918649,5.9040915677979,0.00024827813155111,-0.576987348827644,0.753929195465872,0.891445945989392,8,1,20,0.921964358109039,-0.602235991837259,8,1.5183270637783,1,-7.8562,4100,1,0,9,"both",0.921964358109039,-0.602235991837259
"158","session1",-19.6773972703496,14.85746918649,5.9040915677979,0.00024827813155111,-0.576987348827644,0.753929195465872,0.891445945989392,8,1,20,0.921964358109039,-0.602235991837259,8,3.47375753827602,1,-25.42191,4100,1,0,9,"both",0.921964358109039,-0.602235991837259
"159","session1",-19.6773972703496,14.85746918649,5.9040915677979,0.00024827813155111,-0.576987348827644,0.753929195465872,0.891445945989392,8,1,20,0.921964358109039,-0.602235991837259,8,2.5909407312219,1,-10.40995,4100,1,0,9,"both",0.921964358109039,-0.602235991837259
"160","session1",-19.6773972703496,14.85746918649,5.9040915677979,0.00024827813155111,-0.576987348827644,0.753929195465872,0.891445945989392,8,1,20,0.921964358109039,-0.602235991837259,8,1.70578440700773,1,-17.14762,4100,1,0,9,"both",0.921964358109039,-0.602235991837259
"161","session1",-13.6458595927444,9.99611722652437,3.81562613612661,0.0140176268879781,0.235941521466638,0.508440681322916,0.465842704069638,9,1,20,0.921964358109039,-0.602235991837259,9,2.45337537421708,1,11.0448530345,4100,1,0,9,"both",0.921964358109039,-0.602235991837259
"162","session1",-13.6458595927444,9.99611722652437,3.81562613612661,0.0140176268879781,0.235941521466638,0.508440681322916,0.465842704069638,9,1,20,0.921964358109039,-0.602235991837259,9,1.54828230655517,0,-4.6274539463,4100,1,0,9,"both",0.921964358109039,-0.602235991837259
"163","session1",-13.6458595927444,9.99611722652437,3.81562613612661,0.0140176268879781,0.235941521466638,0.508440681322916,0.465842704069638,9,1,20,0.921964358109039,-0.602235991837259,9,7.1494537610816,0,3.48240276348,4100,1,0,9,"both",0.921964358109039,-0.602235991837259
"164","session1",-13.6458595927444,9.99611722652437,3.81562613612661,0.0140176268879781,0.235941521466638,0.508440681322916,0.465842704069638,9,1,20,0.921964358109039,-0.602235991837259,9,1.39549822272995,1,5.20052543654,4100,1,0,9,"both",0.921964358109039,-0.602235991837259
"165","session1",-13.6458595927444,9.99611722652437,3.81562613612661,0.0140176268879781,0.235941521466638,0.508440681322916,0.465842704069638,9,1,20,0.921964358109039,-0.602235991837259,9,5.04814337933137,0,-24.48694,4100,1,0,9,"both",0.921964358109039,-0.602235991837259
"166","session1",-13.6458595927444,9.99611722652437,3.81562613612661,0.0140176268879781,0.235941521466638,0.508440681322916,0.465842704069638,9,1,20,0.921964358109039,-0.602235991837259,9,2.3528146459681,1,5.77076,4100,1,0,9,"both",0.921964358109039,-0.602235991837259
"167","session1",-13.6458595927444,9.99611722652437,3.81562613612661,0.0140176268879781,0.235941521466638,0.508440681322916,0.465842704069638,9,1,20,0.921964358109039,-0.602235991837259,9,2.89070899438212,0,-0.76039,4100,1,0,9,"both",0.921964358109039,-0.602235991837259
"168","session1",-13.6458595927444,9.99611722652437,3.81562613612661,0.0140176268879781,0.235941521466638,0.508440681322916,0.465842704069638,9,1,20,0.921964358109039,-0.602235991837259,9,3.55203426826041,1,-8.17907,4100,1,0,9,"both",0.921964358109039,-0.602235991837259
"169","session1",-13.6458595927444,9.99611722652437,3.81562613612661,0.0140176268879781,0.235941521466638,0.508440681322916,0.465842704069638,9,1,20,0.921964358109039,-0.602235991837259,9,1.34789434430843,1,13.28938,4100,1,0,9,"both",0.921964358109039,-0.602235991837259
"170","session1",-13.6458595927444,9.99611722652437,3.81562613612661,0.0140176268879781,0.235941521466638,0.508440681322916,0.465842704069638,9,1,20,0.921964358109039,-0.602235991837259,9,1.50267432868609,1,-1.47688007798,4100,1,0,9,"both",0.921964358109039,-0.602235991837259
"171","session1",-13.6458595927444,9.99611722652437,3.81562613612661,0.0140176268879781,0.235941521466638,0.508440681322916,0.465842704069638,9,1,20,0.921964358109039,-0.602235991837259,9,1.92480542319433,0,-6.14962537292,4100,1,0,9,"both",0.921964358109039,-0.602235991837259
"172","session1",-13.6458595927444,9.99611722652437,3.81562613612661,0.0140176268879781,0.235941521466638,0.508440681322916,0.465842704069638,9,1,20,0.921964358109039,-0.602235991837259,9,2.61388225575141,1,-2.90139,4100,1,0,9,"both",0.921964358109039,-0.602235991837259
"173","session1",-13.6458595927444,9.99611722652437,3.81562613612661,0.0140176268879781,0.235941521466638,0.508440681322916,0.465842704069638,9,1,20,0.921964358109039,-0.602235991837259,9,2.04910939591494,1,-3.8499227029,4100,1,0,9,"both",0.921964358109039,-0.602235991837259
"174","session1",-13.6458595927444,9.99611722652437,3.81562613612661,0.0140176268879781,0.235941521466638,0.508440681322916,0.465842704069638,9,1,20,0.921964358109039,-0.602235991837259,9,2.44235965716076,1,-5.61335,4100,1,0,9,"both",0.921964358109039,-0.602235991837259
"175","session1",-13.6458595927444,9.99611722652437,3.81562613612661,0.0140176268879781,0.235941521466638,0.508440681322916,0.465842704069638,9,1,20,0.921964358109039,-0.602235991837259,9,3.13095229044275,0,-14.8519,4100,1,0,9,"both",0.921964358109039,-0.602235991837259
"176","session1",-13.6458595927444,9.99611722652437,3.81562613612661,0.0140176268879781,0.235941521466638,0.508440681322916,0.465842704069638,9,1,20,0.921964358109039,-0.602235991837259,9,4.53446419048759,1,-10.5297,4100,1,0,9,"both",0.921964358109039,-0.602235991837259
"177","session1",-13.6458595927444,9.99611722652437,3.81562613612661,0.0140176268879781,0.235941521466638,0.508440681322916,0.465842704069638,9,1,20,0.921964358109039,-0.602235991837259,9,1.97226040855712,1,25.64015,4100,1,0,9,"both",0.921964358109039,-0.602235991837259
"178","session1",-13.6458595927444,9.99611722652437,3.81562613612661,0.0140176268879781,0.235941521466638,0.508440681322916,0.465842704069638,9,1,20,0.921964358109039,-0.602235991837259,9,2.17903557274524,0,-40.743,4100,1,0,9,"both",0.921964358109039,-0.602235991837259
"179","session1",-13.6458595927444,9.99611722652437,3.81562613612661,0.0140176268879781,0.235941521466638,0.508440681322916,0.465842704069638,9,1,20,0.921964358109039,-0.602235991837259,9,3.3021357100793,1,2.109,4100,1,0,9,"both",0.921964358109039,-0.602235991837259
"180","session1",-13.6458595927444,9.99611722652437,3.81562613612661,0.0140176268879781,0.235941521466638,0.508440681322916,0.465842704069638,9,1,20,0.921964358109039,-0.602235991837259,9,1.27200433933311,0,9.67116,4100,1,0,9,"both",0.921964358109039,-0.602235991837259
"181","session2",-4.5134663728008,4.0609158496613,2.01956322064405,4.81801758322269e-05,0.64307545246267,0.367608930776127,0.269370382787117,1,2,20,0.921964358109039,-0.602235991837259,10,2.67157541986561,0,-7.8006859262,4100,1,0,9,"both",0.921964358109039,-0.602235991837259
"182","session2",-4.5134663728008,4.0609158496613,2.01956322064405,4.81801758322269e-05,0.64307545246267,0.367608930776127,0.269370382787117,1,2,20,0.921964358109039,-0.602235991837259,10,2.31553424759846,1,7.7502623171,4100,1,0,9,"both",0.921964358109039,-0.602235991837259
"183","session2",-4.5134663728008,4.0609158496613,2.01956322064405,4.81801758322269e-05,0.64307545246267,0.367608930776127,0.269370382787117,1,2,20,0.921964358109039,-0.602235991837259,10,4.24186353138532,1,-1.883928019,4100,1,0,9,"both",0.921964358109039,-0.602235991837259
"184","session2",-4.5134663728008,4.0609158496613,2.01956322064405,4.81801758322269e-05,0.64307545246267,0.367608930776127,0.269370382787117,1,2,20,0.921964358109039,-0.602235991837259,10,2.46271301637166,0,-5.3408772012,4100,1,0,9,"both",0.921964358109039,-0.602235991837259
"185","session2",-4.5134663728008,4.0609158496613,2.01956322064405,4.81801758322269e-05,0.64307545246267,0.367608930776127,0.269370382787117,1,2,20,0.921964358109039,-0.602235991837259,10,1.76429962000899,1,29.55779,4100,1,0,9,"both",0.921964358109039,-0.602235991837259
"186","session2",-4.5134663728008,4.0609158496613,2.01956322064405,4.81801758322269e-05,0.64307545246267,0.367608930776127,0.269370382787117,1,2,20,0.921964358109039,-0.602235991837259,10,4.3127517161751,0,-12.13763,4100,1,0,9,"both",0.921964358109039,-0.602235991837259
"187","session2",-4.5134663728008,4.0609158496613,2.01956322064405,4.81801758322269e-05,0.64307545246267,0.367608930776127,0.269370382787117,1,2,20,0.921964358109039,-0.602235991837259,10,2.16957058683398,1,6.12736,4100,1,0,9,"both",0.921964358109039,-0.602235991837259
"188","session2",-4.5134663728008,4.0609158496613,2.01956322064405,4.81801758322269e-05,0.64307545246267,0.367608930776127,0.269370382787117,1,2,20,0.921964358109039,-0.602235991837259,10,2.68126658381694,1,-6.82084,4100,1,0,9,"both",0.921964358109039,-0.602235991837259
"189","session2",-4.5134663728008,4.0609158496613,2.01956322064405,4.81801758322269e-05,0.64307545246267,0.367608930776127,0.269370382787117,1,2,20,0.921964358109039,-0.602235991837259,10,1.87048130929036,1,2.63948,4100,1,0,9,"both",0.921964358109039,-0.602235991837259
"190","session2",-4.5134663728008,4.0609158496613,2.01956322064405,4.81801758322269e-05,0.64307545246267,0.367608930776127,0.269370382787117,1,2,20,0.921964358109039,-0.602235991837259,10,4.15225547958952,0,-2.99406,4100,1,0,9,"both",0.921964358109039,-0.602235991837259
"191","session2",-4.5134663728008,4.0609158496613,2.01956322064405,4.81801758322269e-05,0.64307545246267,0.367608930776127,0.269370382787117,1,2,20,0.921964358109039,-0.602235991837259,10,3.41042600263816,1,-2.89765,4100,1,0,9,"both",0.921964358109039,-0.602235991837259
"192","session2",-4.5134663728008,4.0609158496613,2.01956322064405,4.81801758322269e-05,0.64307545246267,0.367608930776127,0.269370382787117,1,2,20,0.921964358109039,-0.602235991837259,10,2.63966380764862,1,8.73645,4100,1,0,9,"both",0.921964358109039,-0.602235991837259
"193","session2",-4.5134663728008,4.0609158496613,2.01956322064405,4.81801758322269e-05,0.64307545246267,0.367608930776127,0.269370382787117,1,2,20,0.921964358109039,-0.602235991837259,10,3.96668391143231,0,-8.64214,4100,1,0,9,"both",0.921964358109039,-0.602235991837259
"194","session2",-4.5134663728008,4.0609158496613,2.01956322064405,4.81801758322269e-05,0.64307545246267,0.367608930776127,0.269370382787117,1,2,20,0.921964358109039,-0.602235991837259,10,6.99489893073583,1,-1.96668,4100,1,0,9,"both",0.921964358109039,-0.602235991837259
"195","session2",-4.5134663728008,4.0609158496613,2.01956322064405,4.81801758322269e-05,0.64307545246267,0.367608930776127,0.269370382787117,1,2,20,0.921964358109039,-0.602235991837259,10,5.25932099239156,1,-5.07774,4100,1,0,9,"both",0.921964358109039,-0.602235991837259
"196","session2",-4.5134663728008,4.0609158496613,2.01956322064405,4.81801758322269e-05,0.64307545246267,0.367608930776127,0.269370382787117,1,2,20,0.921964358109039,-0.602235991837259,10,2.13517837281462,1,-8.22564,4100,1,0,9,"both",0.921964358109039,-0.602235991837259
"197","session2",-4.5134663728008,4.0609158496613,2.01956322064405,4.81801758322269e-05,0.64307545246267,0.367608930776127,0.269370382787117,1,2,20,0.921964358109039,-0.602235991837259,10,1.67880243550729,1,4.737863,4100,1,0,9,"both",0.921964358109039,-0.602235991837259
"198","session2",-4.5134663728008,4.0609158496613,2.01956322064405,4.81801758322269e-05,0.64307545246267,0.367608930776127,0.269370382787117,1,2,20,0.921964358109039,-0.602235991837259,10,1.88676272707454,0,-11.92564,4100,1,0,9,"both",0.921964358109039,-0.602235991837259
"199","session2",-4.5134663728008,4.0609158496613,2.01956322064405,4.81801758322269e-05,0.64307545246267,0.367608930776127,0.269370382787117,1,2,20,0.921964358109039,-0.602235991837259,10,4.33512605894388,1,-2.23968,4100,1,0,9,"both",0.921964358109039,-0.602235991837259
"200","session2",-4.5134663728008,4.0609158496613,2.01956322064405,4.81801758322269e-05,0.64307545246267,0.367608930776127,0.269370382787117,1,2,20,0.921964358109039,-0.602235991837259,10,1.76382651752042,0,-8.56216,4100,1,0,9,"both",0.921964358109039,-0.602235991837259
"201","session2",24.2985323698669,14.1823729265453,2.80765537463687,0.000102104209687416,-0.00594686923001189,0.408984646992189,0.619714291518436,2,2,20,0.921964358109039,-0.602235991837259,11,2.0581333345743,0,10.1286039529,4100,1,0,9,"both",0.921964358109039,-0.602235991837259
"202","session2",24.2985323698669,14.1823729265453,2.80765537463687,0.000102104209687416,-0.00594686923001189,0.408984646992189,0.619714291518436,2,2,20,0.921964358109039,-0.602235991837259,11,2.78726447487439,0,9.0752258012,4100,1,0,9,"both",0.921964358109039,-0.602235991837259
"203","session2",24.2985323698669,14.1823729265453,2.80765537463687,0.000102104209687416,-0.00594686923001189,0.408984646992189,0.619714291518436,2,2,20,0.921964358109039,-0.602235991837259,11,2.06332110029115,0,18.902320444,4100,1,0,9,"both",0.921964358109039,-0.602235991837259
"204","session2",24.2985323698669,14.1823729265453,2.80765537463687,0.000102104209687416,-0.00594686923001189,0.408984646992189,0.619714291518436,2,2,20,0.921964358109039,-0.602235991837259,11,1.64647752627707,1,26.47963562,4100,1,0,9,"both",0.921964358109039,-0.602235991837259
"205","session2",24.2985323698669,14.1823729265453,2.80765537463687,0.000102104209687416,-0.00594686923001189,0.408984646992189,0.619714291518436,2,2,20,0.921964358109039,-0.602235991837259,11,1.22444322653546,0,9.86129,4100,1,0,9,"both",0.921964358109039,-0.602235991837259
"206","session2",24.2985323698669,14.1823729265453,2.80765537463687,0.000102104209687416,-0.00594686923001189,0.408984646992189,0.619714291518436,2,2,20,0.921964358109039,-0.602235991837259,11,3.32521302841768,0,29.09902,4100,1,0,9,"both",0.921964358109039,-0.602235991837259
"207","session2",24.2985323698669,14.1823729265453,2.80765537463687,0.000102104209687416,-0.00594686923001189,0.408984646992189,0.619714291518436,2,2,20,0.921964358109039,-0.602235991837259,11,2.22776629743264,0,8.139,4100,1,0,9,"both",0.921964358109039,-0.602235991837259
"208","session2",24.2985323698669,14.1823729265453,2.80765537463687,0.000102104209687416,-0.00594686923001189,0.408984646992189,0.619714291518436,2,2,20,0.921964358109039,-0.602235991837259,11,1.94843613856763,1,27.12294169,4100,1,0,9,"both",0.921964358109039,-0.602235991837259
"209","session2",24.2985323698669,14.1823729265453,2.80765537463687,0.000102104209687416,-0.00594686923001189,0.408984646992189,0.619714291518436,2,2,20,0.921964358109039,-0.602235991837259,11,3.66500220541031,0,15.24532,4100,1,0,9,"both",0.921964358109039,-0.602235991837259
"210","session2",24.2985323698669,14.1823729265453,2.80765537463687,0.000102104209687416,-0.00594686923001189,0.408984646992189,0.619714291518436,2,2,20,0.921964358109039,-0.602235991837259,11,2.31827063793163,0,32.9146,4100,1,0,9,"both",0.921964358109039,-0.602235991837259
"211","session2",24.2985323698669,14.1823729265453,2.80765537463687,0.000102104209687416,-0.00594686923001189,0.408984646992189,0.619714291518436,2,2,20,0.921964358109039,-0.602235991837259,11,3.08690323259501,0,36.65819,4100,1,0,9,"both",0.921964358109039,-0.602235991837259
"212","session2",24.2985323698669,14.1823729265453,2.80765537463687,0.000102104209687416,-0.00594686923001189,0.408984646992189,0.619714291518436,2,2,20,0.921964358109039,-0.602235991837259,11,1.74285156432553,1,46.1693,4100,1,0,9,"both",0.921964358109039,-0.602235991837259
"213","session2",24.2985323698669,14.1823729265453,2.80765537463687,0.000102104209687416,-0.00594686923001189,0.408984646992189,0.619714291518436,2,2,20,0.921964358109039,-0.602235991837259,11,1.49292293241508,0,-49.3735,4100,1,0,9,"both",0.921964358109039,-0.602235991837259
"214","session2",24.2985323698669,14.1823729265453,2.80765537463687,0.000102104209687416,-0.00594686923001189,0.408984646992189,0.619714291518436,2,2,20,0.921964358109039,-0.602235991837259,11,2.33637804171454,1,45.2626,4100,1,0,9,"both",0.921964358109039,-0.602235991837259
"215","session2",24.2985323698669,14.1823729265453,2.80765537463687,0.000102104209687416,-0.00594686923001189,0.408984646992189,0.619714291518436,2,2,20,0.921964358109039,-0.602235991837259,11,1.59701292622497,0,0.0498999999999974,4100,1,0,9,"both",0.921964358109039,-0.602235991837259
"216","session2",24.2985323698669,14.1823729265453,2.80765537463687,0.000102104209687416,-0.00594686923001189,0.408984646992189,0.619714291518436,2,2,20,0.921964358109039,-0.602235991837259,11,2.68174775277666,0,12.94305,4100,1,0,9,"both",0.921964358109039,-0.602235991837259
"217","session2",24.2985323698669,14.1823729265453,2.80765537463687,0.000102104209687416,-0.00594686923001189,0.408984646992189,0.619714291518436,2,2,20,0.921964358109039,-0.602235991837259,11,3.80375635837306,0,28.25618,4100,1,0,9,"both",0.921964358109039,-0.602235991837259
"218","session2",24.2985323698669,14.1823729265453,2.80765537463687,0.000102104209687416,-0.00594686923001189,0.408984646992189,0.619714291518436,2,2,20,0.921964358109039,-0.602235991837259,11,1.16949065934612,1,47.66231,4100,1,0,9,"both",0.921964358109039,-0.602235991837259
"219","session2",24.2985323698669,14.1823729265453,2.80765537463687,0.000102104209687416,-0.00594686923001189,0.408984646992189,0.619714291518436,2,2,20,0.921964358109039,-0.602235991837259,11,1.64145275273091,1,18.7868,4100,1,0,9,"both",0.921964358109039,-0.602235991837259
"220","session2",24.2985323698669,14.1823729265453,2.80765537463687,0.000102104209687416,-0.00594686923001189,0.408984646992189,0.619714291518436,2,2,20,0.921964358109039,-0.602235991837259,11,1.2558739659321,0,5.0238,4100,1,0,9,"both",0.921964358109039,-0.602235991837259
"221","session2",32.2641430799508,11.061091420968,2.16017794231785,0.000290001360304808,0.252144369690418,0.448225764295095,0.593081035687996,3,2,20,0.921964358109039,-0.602235991837259,12,1.52714550388791,0,8.3716527821,4100,1,0,9,"both",0.921964358109039,-0.602235991837259
"222","session2",32.2641430799508,11.061091420968,2.16017794231785,0.000290001360304808,0.252144369690418,0.448225764295095,0.593081035687996,3,2,20,0.921964358109039,-0.602235991837259,12,2.65957279938371,0,9.1057725306,4100,1,0,9,"both",0.921964358109039,-0.602235991837259
"223","session2",32.2641430799508,11.061091420968,2.16017794231785,0.000290001360304808,0.252144369690418,0.448225764295095,0.593081035687996,3,2,20,0.921964358109039,-0.602235991837259,12,3.27967094342474,0,16.426903503,4100,1,0,9,"both",0.921964358109039,-0.602235991837259
"224","session2",32.2641430799508,11.061091420968,2.16017794231785,0.000290001360304808,0.252144369690418,0.448225764295095,0.593081035687996,3,2,20,0.921964358109039,-0.602235991837259,12,1.49526515854435,1,23.278123518,4100,1,0,9,"both",0.921964358109039,-0.602235991837259
"225","session2",32.2641430799508,11.061091420968,2.16017794231785,0.000290001360304808,0.252144369690418,0.448225764295095,0.593081035687996,3,2,20,0.921964358109039,-0.602235991837259,12,1.55715636351146,1,32.67748,4100,1,0,9,"both",0.921964358109039,-0.602235991837259
"226","session2",32.2641430799508,11.061091420968,2.16017794231785,0.000290001360304808,0.252144369690418,0.448225764295095,0.593081035687996,3,2,20,0.921964358109039,-0.602235991837259,12,3.16186584227305,0,22.67751,4100,1,0,9,"both",0.921964358109039,-0.602235991837259
"227","session2",32.2641430799508,11.061091420968,2.16017794231785,0.000290001360304808,0.252144369690418,0.448225764295095,0.593081035687996,3,2,20,0.921964358109039,-0.602235991837259,12,1.44186689339638,0,18.11611,4100,1,0,9,"both",0.921964358109039,-0.602235991837259
"228","session2",32.2641430799508,11.061091420968,2.16017794231785,0.000290001360304808,0.252144369690418,0.448225764295095,0.593081035687996,3,2,20,0.921964358109039,-0.602235991837259,12,1.66856761281086,1,24.79431,4100,1,0,9,"both",0.921964358109039,-0.602235991837259
"229","session2",32.2641430799508,11.061091420968,2.16017794231785,0.000290001360304808,0.252144369690418,0.448225764295095,0.593081035687996,3,2,20,0.921964358109039,-0.602235991837259,12,1.11805671373502,0,0.503499999999999,4100,1,0,9,"both",0.921964358109039,-0.602235991837259
"230","session2",32.2641430799508,11.061091420968,2.16017794231785,0.000290001360304808,0.252144369690418,0.448225764295095,0.593081035687996,3,2,20,0.921964358109039,-0.602235991837259,12,1.14869970258209,0,4.8848,4100,1,0,9,"both",0.921964358109039,-0.602235991837259
"231","session2",32.2641430799508,11.061091420968,2.16017794231785,0.000290001360304808,0.252144369690418,0.448225764295095,0.593081035687996,3,2,20,0.921964358109039,-0.602235991837259,12,1.71221760318428,1,32.87898,4100,1,0,9,"both",0.921964358109039,-0.602235991837259
"232","session2",32.2641430799508,11.061091420968,2.16017794231785,0.000290001360304808,0.252144369690418,0.448225764295095,0.593081035687996,3,2,20,0.921964358109039,-0.602235991837259,12,2.55199632956253,1,17.72952,4100,1,0,9,"both",0.921964358109039,-0.602235991837259
"233","session2",32.2641430799508,11.061091420968,2.16017794231785,0.000290001360304808,0.252144369690418,0.448225764295095,0.593081035687996,3,2,20,0.921964358109039,-0.602235991837259,12,1.74811778024443,0,16.29389,4100,1,0,9,"both",0.921964358109039,-0.602235991837259
"234","session2",32.2641430799508,11.061091420968,2.16017794231785,0.000290001360304808,0.252144369690418,0.448225764295095,0.593081035687996,3,2,20,0.921964358109039,-0.602235991837259,12,3.80604427551956,0,23.43175,4100,1,0,9,"both",0.921964358109039,-0.602235991837259
"235","session2",32.2641430799508,11.061091420968,2.16017794231785,0.000290001360304808,0.252144369690418,0.448225764295095,0.593081035687996,3,2,20,0.921964358109039,-0.602235991837259,12,3.80151175063612,0,16.40673,4100,1,0,9,"both",0.921964358109039,-0.602235991837259
"236","session2",32.2641430799508,11.061091420968,2.16017794231785,0.000290001360304808,0.252144369690418,0.448225764295095,0.593081035687996,3,2,20,0.921964358109039,-0.602235991837259,12,2.0934495372516,0,21.35248,4100,1,0,9,"both",0.921964358109039,-0.602235991837259
"237","session2",32.2641430799508,11.061091420968,2.16017794231785,0.000290001360304808,0.252144369690418,0.448225764295095,0.593081035687996,3,2,20,0.921964358109039,-0.602235991837259,12,3.7121028202759,1,27.98866,4100,1,0,9,"both",0.921964358109039,-0.602235991837259
"238","session2",32.2641430799508,11.061091420968,2.16017794231785,0.000290001360304808,0.252144369690418,0.448225764295095,0.593081035687996,3,2,20,0.921964358109039,-0.602235991837259,12,2.89032129962108,0,24.20598,4100,1,0,9,"both",0.921964358109039,-0.602235991837259
"239","session2",32.2641430799508,11.061091420968,2.16017794231785,0.000290001360304808,0.252144369690418,0.448225764295095,0.593081035687996,3,2,20,0.921964358109039,-0.602235991837259,12,3.76617266118234,1,27.51044,4100,1,0,9,"both",0.921964358109039,-0.602235991837259
"240","session2",32.2641430799508,11.061091420968,2.16017794231785,0.000290001360304808,0.252144369690418,0.448225764295095,0.593081035687996,3,2,20,0.921964358109039,-0.602235991837259,12,2.76368112495176,0,35.5997,4100,1,0,9,"both",0.921964358109039,-0.602235991837259
"241","session2",12.1533312126662,21.653914867783,3.18970636040569,0.0002205843804166,-0.154276147057276,0.483733807142695,0.635994493286924,4,2,20,0.921964358109039,-0.602235991837259,13,2.86625725762999,1,8.9091219831,4100,1,0,9,"both",0.921964358109039,-0.602235991837259
"242","session2",12.1533312126662,21.653914867783,3.18970636040569,0.0002205843804166,-0.154276147057276,0.483733807142695,0.635994493286924,4,2,20,0.921964358109039,-0.602235991837259,13,1.41003268583373,1,-4.4641905891,4100,1,0,9,"both",0.921964358109039,-0.602235991837259
"243","session2",12.1533312126662,21.653914867783,3.18970636040569,0.0002205843804166,-0.154276147057276,0.483733807142695,0.635994493286924,4,2,20,0.921964358109039,-0.602235991837259,13,3.53923955306228,0,-12.96094756756,4100,1,0,9,"both",0.921964358109039,-0.602235991837259
"244","session2",12.1533312126662,21.653914867783,3.18970636040569,0.0002205843804166,-0.154276147057276,0.483733807142695,0.635994493286924,4,2,20,0.921964358109039,-0.602235991837259,13,7.45642905287069,0,-10.0655545918,4100,1,0,9,"both",0.921964358109039,-0.602235991837259
"245","session2",12.1533312126662,21.653914867783,3.18970636040569,0.0002205843804166,-0.154276147057276,0.483733807142695,0.635994493286924,4,2,20,0.921964358109039,-0.602235991837259,13,1.34596760285359,0,-21.06846,4100,1,0,9,"both",0.921964358109039,-0.602235991837259
"246","session2",12.1533312126662,21.653914867783,3.18970636040569,0.0002205843804166,-0.154276147057276,0.483733807142695,0.635994493286924,4,2,20,0.921964358109039,-0.602235991837259,13,1.79066405227557,0,-7.9358682,4100,1,0,9,"both",0.921964358109039,-0.602235991837259
"247","session2",12.1533312126662,21.653914867783,3.18970636040569,0.0002205843804166,-0.154276147057276,0.483733807142695,0.635994493286924,4,2,20,0.921964358109039,-0.602235991837259,13,1.48625500544774,0,2.48946,4100,1,0,9,"both",0.921964358109039,-0.602235991837259
"248","session2",12.1533312126662,21.653914867783,3.18970636040569,0.0002205843804166,-0.154276147057276,0.483733807142695,0.635994493286924,4,2,20,0.921964358109039,-0.602235991837259,13,1.25362766756666,0,-13.78471,4100,1,0,9,"both",0.921964358109039,-0.602235991837259
"249","session2",12.1533312126662,21.653914867783,3.18970636040569,0.0002205843804166,-0.154276147057276,0.483733807142695,0.635994493286924,4,2,20,0.921964358109039,-0.602235991837259,13,2.551255535536,0,3.5653257436,4100,1,0,9,"both",0.921964358109039,-0.602235991837259
"250","session2",12.1533312126662,21.653914867783,3.18970636040569,0.0002205843804166,-0.154276147057276,0.483733807142695,0.635994493286924,4,2,20,0.921964358109039,-0.602235991837259,13,1.49513479728042,1,39.9305,4100,1,0,9,"both",0.921964358109039,-0.602235991837259
"251","session2",12.1533312126662,21.653914867783,3.18970636040569,0.0002205843804166,-0.154276147057276,0.483733807142695,0.635994493286924,4,2,20,0.921964358109039,-0.602235991837259,13,2.73653570663121,1,-12.833895,4100,1,0,9,"both",0.921964358109039,-0.602235991837259
"252","session2",12.1533312126662,21.653914867783,3.18970636040569,0.0002205843804166,-0.154276147057276,0.483733807142695,0.635994493286924,4,2,20,0.921964358109039,-0.602235991837259,13,1.35113926470294,0,-33.8983,4100,1,0,9,"both",0.921964358109039,-0.602235991837259
"253","session2",12.1533312126662,21.653914867783,3.18970636040569,0.0002205843804166,-0.154276147057276,0.483733807142695,0.635994493286924,4,2,20,0.921964358109039,-0.602235991837259,13,1.89597277206853,0,-16.15385,4100,1,0,9,"both",0.921964358109039,-0.602235991837259
"254","session2",12.1533312126662,21.653914867783,3.18970636040569,0.0002205843804166,-0.154276147057276,0.483733807142695,0.635994493286924,4,2,20,0.921964358109039,-0.602235991837259,13,2.58141452131334,1,17.82158,4100,1,0,9,"both",0.921964358109039,-0.602235991837259
"255","session2",12.1533312126662,21.653914867783,3.18970636040569,0.0002205843804166,-0.154276147057276,0.483733807142695,0.635994493286924,4,2,20,0.921964358109039,-0.602235991837259,13,2.90885527716432,1,16.13953,4100,1,0,9,"both",0.921964358109039,-0.602235991837259
"256","session2",12.1533312126662,21.653914867783,3.18970636040569,0.0002205843804166,-0.154276147057276,0.483733807142695,0.635994493286924,4,2,20,0.921964358109039,-0.602235991837259,13,1.98168104665823,0,14.63372,4100,1,0,9,"both",0.921964358109039,-0.602235991837259
"257","session2",12.1533312126662,21.653914867783,3.18970636040569,0.0002205843804166,-0.154276147057276,0.483733807142695,0.635994493286924,4,2,20,0.921964358109039,-0.602235991837259,13,6.68062334282176,0,5.76282248868,4100,1,0,9,"both",0.921964358109039,-0.602235991837259
"258","session2",12.1533312126662,21.653914867783,3.18970636040569,0.0002205843804166,-0.154276147057276,0.483733807142695,0.635994493286924,4,2,20,0.921964358109039,-0.602235991837259,13,3.35888963922893,1,22.67549,4100,1,0,9,"both",0.921964358109039,-0.602235991837259
"259","session2",12.1533312126662,21.653914867783,3.18970636040569,0.0002205843804166,-0.154276147057276,0.483733807142695,0.635994493286924,4,2,20,0.921964358109039,-0.602235991837259,13,2.61871795253368,0,15.02273,4100,1,0,9,"both",0.921964358109039,-0.602235991837259
"260","session2",12.1533312126662,21.653914867783,3.18970636040569,0.0002205843804166,-0.154276147057276,0.483733807142695,0.635994493286924,4,2,20,0.921964358109039,-0.602235991837259,13,7.45781831634852,1,22.83076,4100,1,0,9,"both",0.921964358109039,-0.602235991837259
"261","session2",-2.19367286499509,18.0725926674982,2.13971187971562,0.000122705108856005,-0.0931877997808594,0.518108316858993,0.74098756470942,5,2,20,0.921964358109039,-0.602235991837259,14,3.02923031019609,1,-10.169852386,4100,1,0,9,"both",0.921964358109039,-0.602235991837259
"262","session2",-2.19367286499509,18.0725926674982,2.13971187971562,0.000122705108856005,-0.0931877997808594,0.518108316858993,0.74098756470942,5,2,20,0.921964358109039,-0.602235991837259,14,2.46144400544172,0,-10.97505139484,4100,1,0,9,"both",0.921964358109039,-0.602235991837259
"263","session2",-2.19367286499509,18.0725926674982,2.13971187971562,0.000122705108856005,-0.0931877997808594,0.518108316858993,0.74098756470942,5,2,20,0.921964358109039,-0.602235991837259,14,1.25179845158368,0,-1.605882142,4100,1,0,9,"both",0.921964358109039,-0.602235991837259
"264","session2",-2.19367286499509,18.0725926674982,2.13971187971562,0.000122705108856005,-0.0931877997808594,0.518108316858993,0.74098756470942,5,2,20,0.921964358109039,-0.602235991837259,14,3.2695851969692,1,3.3656607302,4100,1,0,9,"both",0.921964358109039,-0.602235991837259
"265","session2",-2.19367286499509,18.0725926674982,2.13971187971562,0.000122705108856005,-0.0931877997808594,0.518108316858993,0.74098756470942,5,2,20,0.921964358109039,-0.602235991837259,14,1.42507656882043,0,-49.74373,4100,1,0,9,"both",0.921964358109039,-0.602235991837259
"266","session2",-2.19367286499509,18.0725926674982,2.13971187971562,0.000122705108856005,-0.0931877997808594,0.518108316858993,0.74098756470942,5,2,20,0.921964358109039,-0.602235991837259,14,1.49656126658139,0,-42.23613,4100,1,0,9,"both",0.921964358109039,-0.602235991837259
"267","session2",-2.19367286499509,18.0725926674982,2.13971187971562,0.000122705108856005,-0.0931877997808594,0.518108316858993,0.74098756470942,5,2,20,0.921964358109039,-0.602235991837259,14,1.00780978945382,1,22.048,4100,1,0,9,"both",0.921964358109039,-0.602235991837259
"268","session2",-2.19367286499509,18.0725926674982,2.13971187971562,0.000122705108856005,-0.0931877997808594,0.518108316858993,0.74098756470942,5,2,20,0.921964358109039,-0.602235991837259,14,2.76296045912657,1,-2.8204764507,4100,1,0,9,"both",0.921964358109039,-0.602235991837259
"269","session2",-2.19367286499509,18.0725926674982,2.13971187971562,0.000122705108856005,-0.0931877997808594,0.518108316858993,0.74098756470942,5,2,20,0.921964358109039,-0.602235991837259,14,1.63126818692537,1,33.7015,4100,1,0,9,"both",0.921964358109039,-0.602235991837259
"270","session2",-2.19367286499509,18.0725926674982,2.13971187971562,0.000122705108856005,-0.0931877997808594,0.518108316858993,0.74098756470942,5,2,20,0.921964358109039,-0.602235991837259,14,2.16503741089742,0,-13.36187,4100,1,0,9,"both",0.921964358109039,-0.602235991837259
"271","session2",-2.19367286499509,18.0725926674982,2.13971187971562,0.000122705108856005,-0.0931877997808594,0.518108316858993,0.74098756470942,5,2,20,0.921964358109039,-0.602235991837259,14,2.45406178706472,0,-12.429808,4100,1,0,9,"both",0.921964358109039,-0.602235991837259
"272","session2",-2.19367286499509,18.0725926674982,2.13971187971562,0.000122705108856005,-0.0931877997808594,0.518108316858993,0.74098756470942,5,2,20,0.921964358109039,-0.602235991837259,14,1.46620423295238,0,15.85805,4100,1,0,9,"both",0.921964358109039,-0.602235991837259
"273","session2",-2.19367286499509,18.0725926674982,2.13971187971562,0.000122705108856005,-0.0931877997808594,0.518108316858993,0.74098756470942,5,2,20,0.921964358109039,-0.602235991837259,14,3.88867363539446,1,2.1287157613,4100,1,0,9,"both",0.921964358109039,-0.602235991837259
"274","session2",-2.19367286499509,18.0725926674982,2.13971187971562,0.000122705108856005,-0.0931877997808594,0.518108316858993,0.74098756470942,5,2,20,0.921964358109039,-0.602235991837259,14,4.69429710112168,0,-10.91882,4100,1,0,9,"both",0.921964358109039,-0.602235991837259
"275","session2",-2.19367286499509,18.0725926674982,2.13971187971562,0.000122705108856005,-0.0931877997808594,0.518108316858993,0.74098756470942,5,2,20,0.921964358109039,-0.602235991837259,14,1.76842258267697,1,-19.432539,4100,1,0,9,"both",0.921964358109039,-0.602235991837259
"276","session2",-2.19367286499509,18.0725926674982,2.13971187971562,0.000122705108856005,-0.0931877997808594,0.518108316858993,0.74098756470942,5,2,20,0.921964358109039,-0.602235991837259,14,3.62000679283694,1,4.88097,4100,1,0,9,"both",0.921964358109039,-0.602235991837259
"277","session2",-2.19367286499509,18.0725926674982,2.13971187971562,0.000122705108856005,-0.0931877997808594,0.518108316858993,0.74098756470942,5,2,20,0.921964358109039,-0.602235991837259,14,2.90393673078801,1,-5.26314,4100,1,0,9,"both",0.921964358109039,-0.602235991837259
"278","session2",-2.19367286499509,18.0725926674982,2.13971187971562,0.000122705108856005,-0.0931877997808594,0.518108316858993,0.74098756470942,5,2,20,0.921964358109039,-0.602235991837259,14,1.5106802037088,0,-8.616541,4100,1,0,9,"both",0.921964358109039,-0.602235991837259
"279","session2",-2.19367286499509,18.0725926674982,2.13971187971562,0.000122705108856005,-0.0931877997808594,0.518108316858993,0.74098756470942,5,2,20,0.921964358109039,-0.602235991837259,14,2.28718711647995,0,-25.06944,4100,1,0,9,"both",0.921964358109039,-0.602235991837259
"280","session2",-2.19367286499509,18.0725926674982,2.13971187971562,0.000122705108856005,-0.0931877997808594,0.518108316858993,0.74098756470942,5,2,20,0.921964358109039,-0.602235991837259,14,3.18034318194897,0,0.423300000000001,4100,1,0,9,"both",0.921964358109039,-0.602235991837259
"281","session2",10.1213167130193,60.4225771339618,1.84950366389044,0.00230271465016007,0.284820409946691,0.39330936787837,0.351163902211055,6,2,20,0.921964358109039,-0.602235991837259,15,2.74602435399684,1,8.9513056325,4100,1,0,9,"both",0.921964358109039,-0.602235991837259
"282","session2",10.1213167130193,60.4225771339618,1.84950366389044,0.00230271465016007,0.284820409946691,0.39330936787837,0.351163902211055,6,2,20,0.921964358109039,-0.602235991837259,15,2.12045781900332,1,-7.08624991891,4100,1,0,9,"both",0.921964358109039,-0.602235991837259
"283","session2",10.1213167130193,60.4225771339618,1.84950366389044,0.00230271465016007,0.284820409946691,0.39330936787837,0.351163902211055,6,2,20,0.921964358109039,-0.602235991837259,15,1.11689125910829,0,-12.6121957121,4100,1,0,9,"both",0.921964358109039,-0.602235991837259
"284","session2",10.1213167130193,60.4225771339618,1.84950366389044,0.00230271465016007,0.284820409946691,0.39330936787837,0.351163902211055,6,2,20,0.921964358109039,-0.602235991837259,15,2.32665149606546,1,-6.2076990054,4100,1,0,9,"both",0.921964358109039,-0.602235991837259
"285","session2",10.1213167130193,60.4225771339618,1.84950366389044,0.00230271465016007,0.284820409946691,0.39330936787837,0.351163902211055,6,2,20,0.921964358109039,-0.602235991837259,15,2.37220876077152,0,-41.88791,4100,1,0,9,"both",0.921964358109039,-0.602235991837259
"286","session2",10.1213167130193,60.4225771339618,1.84950366389044,0.00230271465016007,0.284820409946691,0.39330936787837,0.351163902211055,6,2,20,0.921964358109039,-0.602235991837259,15,1.75105859808552,0,-4.46444,4100,1,0,9,"both",0.921964358109039,-0.602235991837259
"287","session2",10.1213167130193,60.4225771339618,1.84950366389044,0.00230271465016007,0.284820409946691,0.39330936787837,0.351163902211055,6,2,20,0.921964358109039,-0.602235991837259,15,2.51424096116587,1,-6.61995738847,4100,1,0,9,"both",0.921964358109039,-0.602235991837259
"288","session2",10.1213167130193,60.4225771339618,1.84950366389044,0.00230271465016007,0.284820409946691,0.39330936787837,0.351163902211055,6,2,20,0.921964358109039,-0.602235991837259,15,3.16135113234939,1,21.83149,4100,1,0,9,"both",0.921964358109039,-0.602235991837259
"289","session2",10.1213167130193,60.4225771339618,1.84950366389044,0.00230271465016007,0.284820409946691,0.39330936787837,0.351163902211055,6,2,20,0.921964358109039,-0.602235991837259,15,3.07318951841055,0,-19.33298,4100,1,0,9,"both",0.921964358109039,-0.602235991837259
"290","session2",10.1213167130193,60.4225771339618,1.84950366389044,0.00230271465016007,0.284820409946691,0.39330936787837,0.351163902211055,6,2,20,0.921964358109039,-0.602235991837259,15,1.88919694381181,0,-16.31015,4100,1,0,9,"both",0.921964358109039,-0.602235991837259
"291","session2",10.1213167130193,60.4225771339618,1.84950366389044,0.00230271465016007,0.284820409946691,0.39330936787837,0.351163902211055,6,2,20,0.921964358109039,-0.602235991837259,15,2.27497017129721,1,24.31556,4100,1,0,9,"both",0.921964358109039,-0.602235991837259
"292","session2",10.1213167130193,60.4225771339618,1.84950366389044,0.00230271465016007,0.284820409946691,0.39330936787837,0.351163902211055,6,2,20,0.921964358109039,-0.602235991837259,15,2.04860502569564,1,7.9145,4100,1,0,9,"both",0.921964358109039,-0.602235991837259
"293","session2",10.1213167130193,60.4225771339618,1.84950366389044,0.00230271465016007,0.284820409946691,0.39330936787837,0.351163902211055,6,2,20,0.921964358109039,-0.602235991837259,15,3.14105608082627,1,-0.22196,4100,1,0,9,"both",0.921964358109039,-0.602235991837259
"294","session2",10.1213167130193,60.4225771339618,1.84950366389044,0.00230271465016007,0.284820409946691,0.39330936787837,0.351163902211055,6,2,20,0.921964358109039,-0.602235991837259,15,1.10730689280253,0,-7.15854,4100,1,0,9,"both",0.921964358109039,-0.602235991837259
"295","session2",10.1213167130193,60.4225771339618,1.84950366389044,0.00230271465016007,0.284820409946691,0.39330936787837,0.351163902211055,6,2,20,0.921964358109039,-0.602235991837259,15,3.79988009759652,1,-23.39378,4100,1,0,9,"both",0.921964358109039,-0.602235991837259
"296","session2",10.1213167130193,60.4225771339618,1.84950366389044,0.00230271465016007,0.284820409946691,0.39330936787837,0.351163902211055,6,2,20,0.921964358109039,-0.602235991837259,15,4.55233333279329,0,11.00173,4100,1,0,9,"both",0.921964358109039,-0.602235991837259
"297","session2",10.1213167130193,60.4225771339618,1.84950366389044,0.00230271465016007,0.284820409946691,0.39330936787837,0.351163902211055,6,2,20,0.921964358109039,-0.602235991837259,15,1.86409410079308,0,-6.28373855616,4100,1,0,9,"both",0.921964358109039,-0.602235991837259
"298","session2",10.1213167130193,60.4225771339618,1.84950366389044,0.00230271465016007,0.284820409946691,0.39330936787837,0.351163902211055,6,2,20,0.921964358109039,-0.602235991837259,15,2.30949255619202,0,-5.6880523963,4100,1,0,9,"both",0.921964358109039,-0.602235991837259
"299","session2",10.1213167130193,60.4225771339618,1.84950366389044,0.00230271465016007,0.284820409946691,0.39330936787837,0.351163902211055,6,2,20,0.921964358109039,-0.602235991837259,15,2.73998039565503,0,45.44465,4100,1,0,9,"both",0.921964358109039,-0.602235991837259
"300","session2",10.1213167130193,60.4225771339618,1.84950366389044,0.00230271465016007,0.284820409946691,0.39330936787837,0.351163902211055,6,2,20,0.921964358109039,-0.602235991837259,15,1.61967520052007,0,-25.915,4100,1,0,9,"both",0.921964358109039,-0.602235991837259
"301","session2",-18.9324199474975,27.9124225139336,2.91828137707257,0.000344935315963672,-0.092825454057702,0.448361391236113,0.561734803923277,7,2,20,0.921964358109039,-0.602235991837259,16,2.17571070390613,1,-7.9435999576,4100,1,0,9,"both",0.921964358109039,-0.602235991837259
"302","session2",-18.9324199474975,27.9124225139336,2.91828137707257,0.000344935315963672,-0.092825454057702,0.448361391236113,0.561734803923277,7,2,20,0.921964358109039,-0.602235991837259,16,1.88717516662173,1,-9.3248796501,4100,1,0,9,"both",0.921964358109039,-0.602235991837259
"303","session2",-18.9324199474975,27.9124225139336,2.91828137707257,0.000344935315963672,-0.092825454057702,0.448361391236113,0.561734803923277,7,2,20,0.921964358109039,-0.602235991837259,16,3.0215150119011,0,-17.11914825,4100,1,0,9,"both",0.921964358109039,-0.602235991837259
"304","session2",-18.9324199474975,27.9124225139336,2.91828137707257,0.000344935315963672,-0.092825454057702,0.448361391236113,0.561734803923277,7,2,20,0.921964358109039,-0.602235991837259,16,2.41742162991099,0,-12.3235503739,4100,1,0,9,"both",0.921964358109039,-0.602235991837259
"305","session2",-18.9324199474975,27.9124225139336,2.91828137707257,0.000344935315963672,-0.092825454057702,0.448361391236113,0.561734803923277,7,2,20,0.921964358109039,-0.602235991837259,16,2.44034797468411,1,-2.1608,4100,1,0,9,"both",0.921964358109039,-0.602235991837259
"306","session2",-18.9324199474975,27.9124225139336,2.91828137707257,0.000344935315963672,-0.092825454057702,0.448361391236113,0.561734803923277,7,2,20,0.921964358109039,-0.602235991837259,16,4.23037414475554,1,-13.38091,4100,1,0,9,"both",0.921964358109039,-0.602235991837259
"307","session2",-18.9324199474975,27.9124225139336,2.91828137707257,0.000344935315963672,-0.092825454057702,0.448361391236113,0.561734803923277,7,2,20,0.921964358109039,-0.602235991837259,16,2.58304100934001,1,-16.82392,4100,1,0,9,"both",0.921964358109039,-0.602235991837259
"308","session2",-18.9324199474975,27.9124225139336,2.91828137707257,0.000344935315963672,-0.092825454057702,0.448361391236113,0.561734803923277,7,2,20,0.921964358109039,-0.602235991837259,16,2.62344698347439,1,-38.1199,4100,1,0,9,"both",0.921964358109039,-0.602235991837259
"309","session2",-18.9324199474975,27.9124225139336,2.91828137707257,0.000344935315963672,-0.092825454057702,0.448361391236113,0.561734803923277,7,2,20,0.921964358109039,-0.602235991837259,16,4.00893243518697,0,-13.5649429793,4100,1,0,9,"both",0.921964358109039,-0.602235991837259
"310","session2",-18.9324199474975,27.9124225139336,2.91828137707257,0.000344935315963672,-0.092825454057702,0.448361391236113,0.561734803923277,7,2,20,0.921964358109039,-0.602235991837259,16,2.06824017671467,0,-12.08298,4100,1,0,9,"both",0.921964358109039,-0.602235991837259
"311","session2",-18.9324199474975,27.9124225139336,2.91828137707257,0.000344935315963672,-0.092825454057702,0.448361391236113,0.561734803923277,7,2,20,0.921964358109039,-0.602235991837259,16,1.31064036547632,0,35.4379,4100,1,0,9,"both",0.921964358109039,-0.602235991837259
"312","session2",-18.9324199474975,27.9124225139336,2.91828137707257,0.000344935315963672,-0.092825454057702,0.448361391236113,0.561734803923277,7,2,20,0.921964358109039,-0.602235991837259,16,1.83071548501096,1,12.52676,4100,1,0,9,"both",0.921964358109039,-0.602235991837259
"313","session2",-18.9324199474975,27.9124225139336,2.91828137707257,0.000344935315963672,-0.092825454057702,0.448361391236113,0.561734803923277,7,2,20,0.921964358109039,-0.602235991837259,16,1.3474055785728,0,-5.96158,4100,1,0,9,"both",0.921964358109039,-0.602235991837259
"314","session2",-18.9324199474975,27.9124225139336,2.91828137707257,0.000344935315963672,-0.092825454057702,0.448361391236113,0.561734803923277,7,2,20,0.921964358109039,-0.602235991837259,16,1.99775049622178,0,-4.9403125047,4100,1,0,9,"both",0.921964358109039,-0.602235991837259
"315","session2",-18.9324199474975,27.9124225139336,2.91828137707257,0.000344935315963672,-0.092825454057702,0.448361391236113,0.561734803923277,7,2,20,0.921964358109039,-0.602235991837259,16,1.52747922096084,1,39.3215,4100,1,0,9,"both",0.921964358109039,-0.602235991837259
"316","session2",-18.9324199474975,27.9124225139336,2.91828137707257,0.000344935315963672,-0.092825454057702,0.448361391236113,0.561734803923277,7,2,20,0.921964358109039,-0.602235991837259,16,1.70051977699473,1,-2.4567715624,4100,1,0,9,"both",0.921964358109039,-0.602235991837259
"317","session2",-18.9324199474975,27.9124225139336,2.91828137707257,0.000344935315963672,-0.092825454057702,0.448361391236113,0.561734803923277,7,2,20,0.921964358109039,-0.602235991837259,16,1.87757836910558,0,-3.90902860714,4100,1,0,9,"both",0.921964358109039,-0.602235991837259
"318","session2",-18.9324199474975,27.9124225139336,2.91828137707257,0.000344935315963672,-0.092825454057702,0.448361391236113,0.561734803923277,7,2,20,0.921964358109039,-0.602235991837259,16,2.35247042879115,1,-2.32813254698,4100,1,0,9,"both",0.921964358109039,-0.602235991837259
"319","session2",-18.9324199474975,27.9124225139336,2.91828137707257,0.000344935315963672,-0.092825454057702,0.448361391236113,0.561734803923277,7,2,20,0.921964358109039,-0.602235991837259,16,1.36586166666838,1,21.0575,4100,1,0,9,"both",0.921964358109039,-0.602235991837259
"320","session2",-18.9324199474975,27.9124225139336,2.91828137707257,0.000344935315963672,-0.092825454057702,0.448361391236113,0.561734803923277,7,2,20,0.921964358109039,-0.602235991837259,16,1.55259216744027,0,-38.7723,4100,1,0,9,"both",0.921964358109039,-0.602235991837259
"321","session2",14.3955533608049,6.64783682325292,3.34676345247168,0.0002527214726378,-0.0767182999768209,0.488481009283922,0.642209889736839,8,2,20,0.921964358109039,-0.602235991837259,17,1.66167298506901,0,8.3507204292,4100,1,0,9,"both",0.921964358109039,-0.602235991837259
"322","session2",14.3955533608049,6.64783682325292,3.34676345247168,0.0002527214726378,-0.0767182999768209,0.488481009283922,0.642209889736839,8,2,20,0.921964358109039,-0.602235991837259,17,2.89236324953579,0,10.90103077129,4100,1,0,9,"both",0.921964358109039,-0.602235991837259
"323","session2",14.3955533608049,6.64783682325292,3.34676345247168,0.0002527214726378,-0.0767182999768209,0.488481009283922,0.642209889736839,8,2,20,0.921964358109039,-0.602235991837259,17,3.28340303671389,1,17.4010330994,4100,1,0,9,"both",0.921964358109039,-0.602235991837259
"324","session2",14.3955533608049,6.64783682325292,3.34676345247168,0.0002527214726378,-0.0767182999768209,0.488481009283922,0.642209889736839,8,2,20,0.921964358109039,-0.602235991837259,17,2.04323559624494,1,11.84428148816,4100,1,0,9,"both",0.921964358109039,-0.602235991837259
"325","session2",14.3955533608049,6.64783682325292,3.34676345247168,0.0002527214726378,-0.0767182999768209,0.488481009283922,0.642209889736839,8,2,20,0.921964358109039,-0.602235991837259,17,1.4273801751942,0,-21.5498,4100,1,0,9,"both",0.921964358109039,-0.602235991837259
"326","session2",14.3955533608049,6.64783682325292,3.34676345247168,0.0002527214726378,-0.0767182999768209,0.488481009283922,0.642209889736839,8,2,20,0.921964358109039,-0.602235991837259,17,4.78414600235527,1,15.8781,4100,1,0,9,"both",0.921964358109039,-0.602235991837259
"327","session2",14.3955533608049,6.64783682325292,3.34676345247168,0.0002527214726378,-0.0767182999768209,0.488481009283922,0.642209889736839,8,2,20,0.921964358109039,-0.602235991837259,17,1.85845255030351,1,0.902627,4100,1,0,9,"both",0.921964358109039,-0.602235991837259
"328","session2",14.3955533608049,6.64783682325292,3.34676345247168,0.0002527214726378,-0.0767182999768209,0.488481009283922,0.642209889736839,8,2,20,0.921964358109039,-0.602235991837259,17,1.46299512675663,0,-12.317,4100,1,0,9,"both",0.921964358109039,-0.602235991837259
"329","session2",14.3955533608049,6.64783682325292,3.34676345247168,0.0002527214726378,-0.0767182999768209,0.488481009283922,0.642209889736839,8,2,20,0.921964358109039,-0.602235991837259,17,2.75151047681971,0,14.06767,4100,1,0,9,"both",0.921964358109039,-0.602235991837259
"330","session2",14.3955533608049,6.64783682325292,3.34676345247168,0.0002527214726378,-0.0767182999768209,0.488481009283922,0.642209889736839,8,2,20,0.921964358109039,-0.602235991837259,17,2.15835382338759,0,11.22203,4100,1,0,9,"both",0.921964358109039,-0.602235991837259
"331","session2",14.3955533608049,6.64783682325292,3.34676345247168,0.0002527214726378,-0.0767182999768209,0.488481009283922,0.642209889736839,8,2,20,0.921964358109039,-0.602235991837259,17,1.59527347669716,0,-23.09255,4100,1,0,9,"both",0.921964358109039,-0.602235991837259
"332","session2",14.3955533608049,6.64783682325292,3.34676345247168,0.0002527214726378,-0.0767182999768209,0.488481009283922,0.642209889736839,8,2,20,0.921964358109039,-0.602235991837259,17,1.47996831502686,0,-14.54766,4100,1,0,9,"both",0.921964358109039,-0.602235991837259
"333","session2",14.3955533608049,6.64783682325292,3.34676345247168,0.0002527214726378,-0.0767182999768209,0.488481009283922,0.642209889736839,8,2,20,0.921964358109039,-0.602235991837259,17,1.36249465953105,0,-11.4901,4100,1,0,9,"both",0.921964358109039,-0.602235991837259
"334","session2",14.3955533608049,6.64783682325292,3.34676345247168,0.0002527214726378,-0.0767182999768209,0.488481009283922,0.642209889736839,8,2,20,0.921964358109039,-0.602235991837259,17,1.86788529842294,1,30.0874,4100,1,0,9,"both",0.921964358109039,-0.602235991837259
"335","session2",14.3955533608049,6.64783682325292,3.34676345247168,0.0002527214726378,-0.0767182999768209,0.488481009283922,0.642209889736839,8,2,20,0.921964358109039,-0.602235991837259,17,3.05028450057058,1,15.70023,4100,1,0,9,"both",0.921964358109039,-0.602235991837259
"336","session2",14.3955533608049,6.64783682325292,3.34676345247168,0.0002527214726378,-0.0767182999768209,0.488481009283922,0.642209889736839,8,2,20,0.921964358109039,-0.602235991837259,17,2.69186047364141,0,14.85546,4100,1,0,9,"both",0.921964358109039,-0.602235991837259
"337","session2",14.3955533608049,6.64783682325292,3.34676345247168,0.0002527214726378,-0.0767182999768209,0.488481009283922,0.642209889736839,8,2,20,0.921964358109039,-0.602235991837259,17,2.17947062439307,0,-12.05923,4100,1,0,9,"both",0.921964358109039,-0.602235991837259
"338","session2",14.3955533608049,6.64783682325292,3.34676345247168,0.0002527214726378,-0.0767182999768209,0.488481009283922,0.642209889736839,8,2,20,0.921964358109039,-0.602235991837259,17,1.42940880243315,1,14.57682,4100,1,0,9,"both",0.921964358109039,-0.602235991837259
"339","session2",14.3955533608049,6.64783682325292,3.34676345247168,0.0002527214726378,-0.0767182999768209,0.488481009283922,0.642209889736839,8,2,20,0.921964358109039,-0.602235991837259,17,2.40151625513848,0,13.35118,4100,1,0,9,"both",0.921964358109039,-0.602235991837259
"340","session2",14.3955533608049,6.64783682325292,3.34676345247168,0.0002527214726378,-0.0767182999768209,0.488481009283922,0.642209889736839,8,2,20,0.921964358109039,-0.602235991837259,17,1.34700450035093,0,-9.2432,4100,1,0,9,"both",0.921964358109039,-0.602235991837259
"341","session2",25.3527222100301,13.2845481261847,2.83482482777443,0.000531723928058682,0.0935668536697206,0.447027106774324,0.508772951571613,9,2,20,0.921964358109039,-0.602235991837259,18,1.2263342881971,0,7.94492578436,4100,1,0,9,"both",0.921964358109039,-0.602235991837259
"342","session2",25.3527222100301,13.2845481261847,2.83482482777443,0.000531723928058682,0.0935668536697206,0.447027106774324,0.508772951571613,9,2,20,0.921964358109039,-0.602235991837259,18,0.894645423194941,0,6.6109240639,4100,1,0,9,"both",0.921964358109039,-0.602235991837259
"343","session2",25.3527222100301,13.2845481261847,2.83482482777443,0.000531723928058682,0.0935668536697206,0.447027106774324,0.508772951571613,9,2,20,0.921964358109039,-0.602235991837259,18,2.53952347454875,1,16.82632346021,4100,1,0,9,"both",0.921964358109039,-0.602235991837259
"344","session2",25.3527222100301,13.2845481261847,2.83482482777443,0.000531723928058682,0.0935668536697206,0.447027106774324,0.508772951571613,9,2,20,0.921964358109039,-0.602235991837259,18,1.68013698386596,0,11.230697474,4100,1,0,9,"both",0.921964358109039,-0.602235991837259
"345","session2",25.3527222100301,13.2845481261847,2.83482482777443,0.000531723928058682,0.0935668536697206,0.447027106774324,0.508772951571613,9,2,20,0.921964358109039,-0.602235991837259,18,1.7406851968147,1,41.8771,4100,1,0,9,"both",0.921964358109039,-0.602235991837259
"346","session2",25.3527222100301,13.2845481261847,2.83482482777443,0.000531723928058682,0.0935668536697206,0.447027106774324,0.508772951571613,9,2,20,0.921964358109039,-0.602235991837259,18,3.02906580379334,0,18.93326,4100,1,0,9,"both",0.921964358109039,-0.602235991837259
"347","session2",25.3527222100301,13.2845481261847,2.83482482777443,0.000531723928058682,0.0935668536697206,0.447027106774324,0.508772951571613,9,2,20,0.921964358109039,-0.602235991837259,18,7.447075507614,0,28.73419,4100,1,0,9,"both",0.921964358109039,-0.602235991837259
"348","session2",25.3527222100301,13.2845481261847,2.83482482777443,0.000531723928058682,0.0935668536697206,0.447027106774324,0.508772951571613,9,2,20,0.921964358109039,-0.602235991837259,18,1.85430595402456,0,-3.6583,4100,1,0,9,"both",0.921964358109039,-0.602235991837259
"349","session2",25.3527222100301,13.2845481261847,2.83482482777443,0.000531723928058682,0.0935668536697206,0.447027106774324,0.508772951571613,9,2,20,0.921964358109039,-0.602235991837259,18,4.97346250234013,1,20.77582,4100,1,0,9,"both",0.921964358109039,-0.602235991837259
"350","session2",25.3527222100301,13.2845481261847,2.83482482777443,0.000531723928058682,0.0935668536697206,0.447027106774324,0.508772951571613,9,2,20,0.921964358109039,-0.602235991837259,18,2.53478202654458,0,23.67637,4100,1,0,9,"both",0.921964358109039,-0.602235991837259
"351","session2",25.3527222100301,13.2845481261847,2.83482482777443,0.000531723928058682,0.0935668536697206,0.447027106774324,0.508772951571613,9,2,20,0.921964358109039,-0.602235991837259,18,1.52992618115701,0,-24.0584,4100,1,0,9,"both",0.921964358109039,-0.602235991837259
"352","session2",25.3527222100301,13.2845481261847,2.83482482777443,0.000531723928058682,0.0935668536697206,0.447027106774324,0.508772951571613,9,2,20,0.921964358109039,-0.602235991837259,18,1.54334627160715,1,42.7984,4100,1,0,9,"both",0.921964358109039,-0.602235991837259
"353","session2",25.3527222100301,13.2845481261847,2.83482482777443,0.000531723928058682,0.0935668536697206,0.447027106774324,0.508772951571613,9,2,20,0.921964358109039,-0.602235991837259,18,1.01164172891748,1,37.9109,4100,1,0,9,"both",0.921964358109039,-0.602235991837259
"354","session2",25.3527222100301,13.2845481261847,2.83482482777443,0.000531723928058682,0.0935668536697206,0.447027106774324,0.508772951571613,9,2,20,0.921964358109039,-0.602235991837259,18,6.69530049813227,1,35.67625,4100,1,0,9,"both",0.921964358109039,-0.602235991837259
"355","session2",25.3527222100301,13.2845481261847,2.83482482777443,0.000531723928058682,0.0935668536697206,0.447027106774324,0.508772951571613,9,2,20,0.921964358109039,-0.602235991837259,18,2.20255411764294,1,22.05047,4100,1,0,9,"both",0.921964358109039,-0.602235991837259
"356","session2",25.3527222100301,13.2845481261847,2.83482482777443,0.000531723928058682,0.0935668536697206,0.447027106774324,0.508772951571613,9,2,20,0.921964358109039,-0.602235991837259,18,2.49156750679482,0,7.47488,4100,1,0,9,"both",0.921964358109039,-0.602235991837259
"357","session2",25.3527222100301,13.2845481261847,2.83482482777443,0.000531723928058682,0.0935668536697206,0.447027106774324,0.508772951571613,9,2,20,0.921964358109039,-0.602235991837259,18,2.68880720689875,0,10.11806,4100,1,0,9,"both",0.921964358109039,-0.602235991837259
"358","session2",25.3527222100301,13.2845481261847,2.83482482777443,0.000531723928058682,0.0935668536697206,0.447027106774324,0.508772951571613,9,2,20,0.921964358109039,-0.602235991837259,18,2.43044200516601,1,23.40917,4100,1,0,9,"both",0.921964358109039,-0.602235991837259
"359","session2",25.3527222100301,13.2845481261847,2.83482482777443,0.000531723928058682,0.0935668536697206,0.447027106774324,0.508772951571613,9,2,20,0.921964358109039,-0.602235991837259,18,2.55839382878299,1,19.94546279,4100,1,0,9,"both",0.921964358109039,-0.602235991837259
"360","session2",25.3527222100301,13.2845481261847,2.83482482777443,0.000531723928058682,0.0935668536697206,0.447027106774324,0.508772951571613,9,2,20,0.921964358109039,-0.602235991837259,18,2.33849581021159,1,32.8667,4100,1,0,9,"both",0.921964358109039,-0.602235991837259
