"","X","prob","resp","trials","real_lambda_con","real_alpha_con","real_beta_con","real_lambda_uncon","real_alpha_uncon","real_beta_uncon","id","subs","sessions","model","trials.1"
"1",9.642593152,0.884207398712327,1,20,0.0359382078147325,7.21606174922235,1.77694951791344,-2.55821670209471,7.21606174922235,0.574898140166531,630.156579611643,1,1,"normal",1
"2",-6.0353846774,0.0359382078147735,0,20,0.0359382078147325,7.21606174922235,1.77694951791344,-2.55821670209471,7.21606174922235,0.574898140166531,630.156579611643,1,1,"normal",2
"3",-1.4015199434,0.0359387817665936,0,20,0.0359382078147325,7.21606174922235,1.77694951791344,-2.55821670209471,7.21606174922235,0.574898140166531,630.156579611643,1,1,"normal",3
"4",5.009985399,0.135443471327541,0,20,0.0359382078147325,7.21606174922235,1.77694951791344,-2.55821670209471,7.21606174922235,0.574898140166531,630.156579611643,1,1,"normal",4
"5",10.20745,0.921233572658594,0,20,0.0359382078147325,7.21606174922235,1.77694951791344,-2.55821670209471,7.21606174922235,0.574898140166531,630.156579611643,1,1,"normal",5
"6",-15.03346,0.0359382078147325,0,20,0.0359382078147325,7.21606174922235,1.77694951791344,-2.55821670209471,7.21606174922235,0.574898140166531,630.156579611643,1,1,"normal",6
"7",19.34118,0.964061792181146,1,20,0.0359382078147325,7.21606174922235,1.77694951791344,-2.55821670209471,7.21606174922235,0.574898140166531,630.156579611643,1,1,"normal",7
"8",40.2224,0.964061792185267,1,20,0.0359382078147325,7.21606174922235,1.77694951791344,-2.55821670209471,7.21606174922235,0.574898140166531,630.156579611643,1,1,"normal",8
"9",9.76349917452,0.893670102968817,1,20,0.0359382078147325,7.21606174922235,1.77694951791344,-2.55821670209471,7.21606174922235,0.574898140166531,630.156579611643,1,1,"normal",9
"10",1.47879,0.03651524891351,0,20,0.0359382078147325,7.21606174922235,1.77694951791344,-2.55821670209471,7.21606174922235,0.574898140166531,630.156579611643,1,1,"normal",10
"11",8.461197859,0.73969693378366,1,20,0.0359382078147325,7.21606174922235,1.77694951791344,-2.55821670209471,7.21606174922235,0.574898140166531,630.156579611643,1,1,"normal",11
"12",15.72559,0.96406101373304,1,20,0.0359382078147325,7.21606174922235,1.77694951791344,-2.55821670209471,7.21606174922235,0.574898140166531,630.156579611643,1,1,"normal",12
"13",5.57273,0.200711405034859,0,20,0.0359382078147325,7.21606174922235,1.77694951791344,-2.55821670209471,7.21606174922235,0.574898140166531,630.156579611643,1,1,"normal",13
"14",13.6544,0.963926787030173,1,20,0.0359382078147325,7.21606174922235,1.77694951791344,-2.55821670209471,7.21606174922235,0.574898140166531,630.156579611643,1,1,"normal",14
"15",1.82705,0.0370628647657271,0,20,0.0359382078147325,7.21606174922235,1.77694951791344,-2.55821670209471,7.21606174922235,0.574898140166531,630.156579611643,1,1,"normal",15
"16",11.09851,0.950652011725257,1,20,0.0359382078147325,7.21606174922235,1.77694951791344,-2.55821670209471,7.21606174922235,0.574898140166531,630.156579611643,1,1,"normal",16
"17",14.4388,0.964039471933778,1,20,0.0359382078147325,7.21606174922235,1.77694951791344,-2.55821670209471,7.21606174922235,0.574898140166531,630.156579611643,1,1,"normal",17
"18",7.5613,0.571488191056306,1,20,0.0359382078147325,7.21606174922235,1.77694951791344,-2.55821670209471,7.21606174922235,0.574898140166531,630.156579611643,1,1,"normal",18
"19",1.68616,0.0368004910291187,0,20,0.0359382078147325,7.21606174922235,1.77694951791344,-2.55821670209471,7.21606174922235,0.574898140166531,630.156579611643,1,1,"normal",19
"20",5.59172,0.203304312882759,0,20,0.0359382078147325,7.21606174922235,1.77694951791344,-2.55821670209471,7.21606174922235,0.574898140166531,630.156579611643,1,1,"normal",20
"21",-6.6575736586,0.892063244261932,0,20,0.0998585886342853,-9.14386523733919,1.07037168299557,-1.38806294151721,-9.14386523733919,0.0680059554413497,1113.28826100519,2,1,"normal",1
"22",5.088862026151,0.900141411365715,1,20,0.0998585886342853,-9.14386523733919,1.07037168299557,-1.38806294151721,-9.14386523733919,0.0680059554413497,1113.28826100519,2,1,"normal",2
"23",-1.0414036664,0.9001414113657,1,20,0.0998585886342853,-9.14386523733919,1.07037168299557,-1.38806294151721,-9.14386523733919,0.0680059554413497,1113.28826100519,2,1,"normal",3
"24",-4.4698083724,0.900136365469415,1,20,0.0998585886342853,-9.14386523733919,1.07037168299557,-1.38806294151721,-9.14386523733919,0.0680059554413497,1113.28826100519,2,1,"normal",4
"25",-8.92682898832,0.564295918145203,1,20,0.0998585886342853,-9.14386523733919,1.07037168299557,-1.38806294151721,-9.14386523733919,0.0680059554413497,1113.28826100519,2,1,"normal",5
"26",16.41813,0.900141411365715,1,20,0.0998585886342853,-9.14386523733919,1.07037168299557,-1.38806294151721,-9.14386523733919,0.0680059554413497,1113.28826100519,2,1,"normal",6
"27",-14.2326137904,0.0998593858970622,0,20,0.0998585886342853,-9.14386523733919,1.07037168299557,-1.38806294151721,-9.14386523733919,0.0680059554413497,1113.28826100519,2,1,"normal",7
"28",6.71752,0.900141411365715,1,20,0.0998585886342853,-9.14386523733919,1.07037168299557,-1.38806294151721,-9.14386523733919,0.0680059554413497,1113.28826100519,2,1,"normal",8
"29",-8.18135,0.752678208685533,0,20,0.0998585886342853,-9.14386523733919,1.07037168299557,-1.38806294151721,-9.14386523733919,0.0680059554413497,1113.28826100519,2,1,"normal",9
"30",-1.25025,0.900141411365649,1,20,0.0998585886342853,-9.14386523733919,1.07037168299557,-1.38806294151721,-9.14386523733919,0.0680059554413497,1113.28826100519,2,1,"normal",10
"31",-31.7181,0.0998585886342853,0,20,0.0998585886342853,-9.14386523733919,1.07037168299557,-1.38806294151721,-9.14386523733919,0.0680059554413497,1113.28826100519,2,1,"normal",11
"32",0.312489999999999,0.900141411365715,1,20,0.0998585886342853,-9.14386523733919,1.07037168299557,-1.38806294151721,-9.14386523733919,0.0680059554413497,1113.28826100519,2,1,"normal",12
"33",-0.921740000000001,0.900141411365708,1,20,0.0998585886342853,-9.14386523733919,1.07037168299557,-1.38806294151721,-9.14386523733919,0.0680059554413497,1113.28826100519,2,1,"normal",13
"34",-6.07839,0.89846716576902,1,20,0.0998585886342853,-9.14386523733919,1.07037168299557,-1.38806294151721,-9.14386523733919,0.0680059554413497,1113.28826100519,2,1,"normal",14
"35",0.59237,0.900141411365715,1,20,0.0998585886342853,-9.14386523733919,1.07037168299557,-1.38806294151721,-9.14386523733919,0.0680059554413497,1113.28826100519,2,1,"normal",15
"36",-8.08704,0.770706090216619,0,20,0.0998585886342853,-9.14386523733919,1.07037168299557,-1.38806294151721,-9.14386523733919,0.0680059554413497,1113.28826100519,2,1,"normal",16
"37",-6.2725,0.897218173010968,1,20,0.0998585886342853,-9.14386523733919,1.07037168299557,-1.38806294151721,-9.14386523733919,0.0680059554413497,1113.28826100519,2,1,"normal",17
"38",-11.50265,0.110880487676458,0,20,0.0998585886342853,-9.14386523733919,1.07037168299557,-1.38806294151721,-9.14386523733919,0.0680059554413497,1113.28826100519,2,1,"normal",18
"39",-16.97331,0.0998585886343886,0,20,0.0998585886342853,-9.14386523733919,1.07037168299557,-1.38806294151721,-9.14386523733919,0.0680059554413497,1113.28826100519,2,1,"normal",19
"40",-9.41899,0.418831503868353,0,20,0.0998585886342853,-9.14386523733919,1.07037168299557,-1.38806294151721,-9.14386523733919,0.0680059554413497,1113.28826100519,2,1,"normal",20
"41",-6.9211937099,0.00998506096542912,0,20,0.0099783272169001,-0.247017199950986,1.53501766150683,-3.89403415755855,-0.247017199950986,0.428541886840611,-595.546487688179,3,1,"normal",1
"42",5.349464236,0.989891089737082,1,20,0.0099783272169001,-0.247017199950986,1.53501766150683,-3.89403415755855,-0.247017199950986,0.428541886840611,-595.546487688179,3,1,"normal",2
"43",0.4603785557,0.673999720549637,1,20,0.0099783272169001,-0.247017199950986,1.53501766150683,-3.89403415755855,-0.247017199950986,0.428541886840611,-595.546487688179,3,1,"normal",3
"44",-4.33270297041,0.0137886270293789,0,20,0.0099783272169001,-0.247017199950986,1.53501766150683,-3.89403415755855,-0.247017199950986,0.428541886840611,-595.546487688179,3,1,"normal",4
"45",-17.35511,0.0099783272169001,0,20,0.0099783272169001,-0.247017199950986,1.53501766150683,-3.89403415755855,-0.247017199950986,0.428541886840611,-595.546487688179,3,1,"normal",5
"46",-17.52905,0.0099783272169001,0,20,0.0099783272169001,-0.247017199950986,1.53501766150683,-3.89403415755855,-0.247017199950986,0.428541886840611,-595.546487688179,3,1,"normal",6
"47",-13.72382,0.0099783272169001,0,20,0.0099783272169001,-0.247017199950986,1.53501766150683,-3.89403415755855,-0.247017199950986,0.428541886840611,-595.546487688179,3,1,"normal",7
"48",-1.24169022218,0.263315961085599,0,20,0.0099783272169001,-0.247017199950986,1.53501766150683,-3.89403415755855,-0.247017199950986,0.428541886840611,-595.546487688179,3,1,"normal",8
"49",3.61652,0.984220736986163,1,20,0.0099783272169001,-0.247017199950986,1.53501766150683,-3.89403415755855,-0.247017199950986,0.428541886840611,-595.546487688179,3,1,"normal",9
"50",4.9056069,0.989635177914218,1,20,0.0099783272169001,-0.247017199950986,1.53501766150683,-3.89403415755855,-0.247017199950986,0.428541886840611,-595.546487688179,3,1,"normal",10
"51",1.682568,0.887735727244933,1,20,0.0099783272169001,-0.247017199950986,1.53501766150683,-3.89403415755855,-0.247017199950986,0.428541886840611,-595.546487688179,3,1,"normal",11
"52",-1.01253,0.31280729985613,0,20,0.0099783272169001,-0.247017199950986,1.53501766150683,-3.89403415755855,-0.247017199950986,0.428541886840611,-595.546487688179,3,1,"normal",12
"53",-0.30739,0.484626550105839,1,20,0.0099783272169001,-0.247017199950986,1.53501766150683,-3.89403415755855,-0.247017199950986,0.428541886840611,-595.546487688179,3,1,"normal",13
"54",1.355725,0.844764545108761,0,20,0.0099783272169001,-0.247017199950986,1.53501766150683,-3.89403415755855,-0.247017199950986,0.428541886840611,-595.546487688179,3,1,"normal",14
"55",-3.45175,0.0280211265865623,0,20,0.0099783272169001,-0.247017199950986,1.53501766150683,-3.89403415755855,-0.247017199950986,0.428541886840611,-595.546487688179,3,1,"normal",15
"56",2.247334,0.938976190307062,1,20,0.0099783272169001,-0.247017199950986,1.53501766150683,-3.89403415755855,-0.247017199950986,0.428541886840611,-595.546487688179,3,1,"normal",16
"57",-3.695408,0.0220686804410515,0,20,0.0099783272169001,-0.247017199950986,1.53501766150683,-3.89403415755855,-0.247017199950986,0.428541886840611,-595.546487688179,3,1,"normal",17
"58",1.93216,0.913719605722593,0,20,0.0099783272169001,-0.247017199950986,1.53501766150683,-3.89403415755855,-0.247017199950986,0.428541886840611,-595.546487688179,3,1,"normal",18
"59",-28.40854,0.0099783272169001,0,20,0.0099783272169001,-0.247017199950986,1.53501766150683,-3.89403415755855,-0.247017199950986,0.428541886840611,-595.546487688179,3,1,"normal",19
"60",2.272317,0.940653282723895,1,20,0.0099783272169001,-0.247017199950986,1.53501766150683,-3.89403415755855,-0.247017199950986,0.428541886840611,-595.546487688179,3,1,"normal",20
"61",-9.42658719415,0.784770716962226,1,20,3.66759797947976e-05,-11.8470318423205,3.06976564203923,-9.52016798347759,-11.8470318423205,1.12160122058724,-296.43207171795,4,1,"normal",1
"62",-10.37317412157,0.684415651088996,1,20,3.66759797947976e-05,-11.8470318423205,3.06976564203923,-9.52016798347759,-11.8470318423205,1.12160122058724,-296.43207171795,4,1,"normal",2
"63",-19.176204589,0.00851694892966213,0,20,3.66759797947976e-05,-11.8470318423205,3.06976564203923,-9.52016798347759,-11.8470318423205,1.12160122058724,-296.43207171795,4,1,"normal",3
"64",-14.182820413,0.223378312685525,0,20,3.66759797947976e-05,-11.8470318423205,3.06976564203923,-9.52016798347759,-11.8470318423205,1.12160122058724,-296.43207171795,4,1,"normal",4
"65",-6.25699744,0.965662193157483,1,20,3.66759797947976e-05,-11.8470318423205,3.06976564203923,-9.52016798347759,-11.8470318423205,1.12160122058724,-296.43207171795,4,1,"normal",5
"66",-16.80081,0.0533255832407215,0,20,3.66759797947976e-05,-11.8470318423205,3.06976564203923,-9.52016798347759,-11.8470318423205,1.12160122058724,-296.43207171795,4,1,"normal",6
"67",-14.6147,0.183660718265333,0,20,3.66759797947976e-05,-11.8470318423205,3.06976564203923,-9.52016798347759,-11.8470318423205,1.12160122058724,-296.43207171795,4,1,"normal",7
"68",-9.34921,0.792065821460627,1,20,3.66759797947976e-05,-11.8470318423205,3.06976564203923,-9.52016798347759,-11.8470318423205,1.12160122058724,-296.43207171795,4,1,"normal",8
"69",-13.88395,0.253509855464391,0,20,3.66759797947976e-05,-11.8470318423205,3.06976564203923,-9.52016798347759,-11.8470318423205,1.12160122058724,-296.43207171795,4,1,"normal",9
"70",-15.5175,0.115938218136394,0,20,3.66759797947976e-05,-11.8470318423205,3.06976564203923,-9.52016798347759,-11.8470318423205,1.12160122058724,-296.43207171795,4,1,"normal",10
"71",-14.66611,0.179244864225599,0,20,3.66759797947976e-05,-11.8470318423205,3.06976564203923,-9.52016798347759,-11.8470318423205,1.12160122058724,-296.43207171795,4,1,"normal",11
"72",-8.27897,0.877420343794942,0,20,3.66759797947976e-05,-11.8470318423205,3.06976564203923,-9.52016798347759,-11.8470318423205,1.12160122058724,-296.43207171795,4,1,"normal",12
"73",-11.71867,0.516675635142371,0,20,3.66759797947976e-05,-11.8470318423205,3.06976564203923,-9.52016798347759,-11.8470318423205,1.12160122058724,-296.43207171795,4,1,"normal",13
"74",-19.12217,0.00893168374453597,0,20,3.66759797947976e-05,-11.8470318423205,3.06976564203923,-9.52016798347759,-11.8470318423205,1.12160122058724,-296.43207171795,4,1,"normal",14
"75",-9.97532,0.728961099163639,1,20,3.66759797947976e-05,-11.8470318423205,3.06976564203923,-9.52016798347759,-11.8470318423205,1.12160122058724,-296.43207171795,4,1,"normal",15
"76",-5.9085,0.973440833207629,1,20,3.66759797947976e-05,-11.8470318423205,3.06976564203923,-9.52016798347759,-11.8470318423205,1.12160122058724,-296.43207171795,4,1,"normal",16
"77",-8.29,0.876689390636089,1,20,3.66759797947976e-05,-11.8470318423205,3.06976564203923,-9.52016798347759,-11.8470318423205,1.12160122058724,-296.43207171795,4,1,"normal",17
"78",-8.97194,0.825489701032368,1,20,3.66759797947976e-05,-11.8470318423205,3.06976564203923,-9.52016798347759,-11.8470318423205,1.12160122058724,-296.43207171795,4,1,"normal",18
"79",-11.03448,0.604370157216467,1,20,3.66759797947976e-05,-11.8470318423205,3.06976564203923,-9.52016798347759,-11.8470318423205,1.12160122058724,-296.43207171795,4,1,"normal",19
"80",-11.31339,0.568998538866786,1,20,3.66759797947976e-05,-11.8470318423205,3.06976564203923,-9.52016798347759,-11.8470318423205,1.12160122058724,-296.43207171795,4,1,"normal",20
"81",6.7436621134,0.0102103348328131,0,20,0.010209779465153,18.7314025113032,2.46313964926922,-3.87063114602088,18.7314025113032,0.90143681638176,-859.806959913741,5,1,"normal",1
"82",10.0283108177,0.0104107677347302,0,20,0.010209779465153,18.7314025113032,2.46313964926922,-3.87063114602088,18.7314025113032,0.90143681638176,-859.806959913741,5,1,"normal",2
"83",18.115532331,0.403296101811726,1,20,0.010209779465153,18.7314025113032,2.46313964926922,-3.87063114602088,18.7314025113032,0.90143681638176,-859.806959913741,5,1,"normal",3
"84",13.601402835,0.0284681224670729,0,20,0.010209779465153,18.7314025113032,2.46313964926922,-3.87063114602088,18.7314025113032,0.90143681638176,-859.806959913741,5,1,"normal",4
"85",10.75732,0.0108006571521522,0,20,0.010209779465153,18.7314025113032,2.46313964926922,-3.87063114602088,18.7314025113032,0.90143681638176,-859.806959913741,5,1,"normal",5
"86",35.6308,0.989790220531496,1,20,0.010209779465153,18.7314025113032,2.46313964926922,-3.87063114602088,18.7314025113032,0.90143681638176,-859.806959913741,5,1,"normal",6
"87",15.81042,0.125638924906302,0,20,0.010209779465153,18.7314025113032,2.46313964926922,-3.87063114602088,18.7314025113032,0.90143681638176,-859.806959913741,5,1,"normal",7
"88",1.4707,0.0102097794663404,0,20,0.010209779465153,18.7314025113032,2.46313964926922,-3.87063114602088,18.7314025113032,0.90143681638176,-859.806959913741,5,1,"normal",8
"89",27.36104,0.989565324907327,1,20,0.010209779465153,18.7314025113032,2.46313964926922,-3.87063114602088,18.7314025113032,0.90143681638176,-859.806959913741,5,1,"normal",9
"90",17.89144,0.369271970500198,0,20,0.010209779465153,18.7314025113032,2.46313964926922,-3.87063114602088,18.7314025113032,0.90143681638176,-859.806959913741,5,1,"normal",10
"91",24.04684,0.974641794633909,1,20,0.010209779465153,18.7314025113032,2.46313964926922,-3.87063114602088,18.7314025113032,0.90143681638176,-859.806959913741,5,1,"normal",11
"92",13.05257,0.0205625400781961,0,20,0.010209779465153,18.7314025113032,2.46313964926922,-3.87063114602088,18.7314025113032,0.90143681638176,-859.806959913741,5,1,"normal",12
"93",15.9939,0.140690682245941,0,20,0.010209779465153,18.7314025113032,2.46313964926922,-3.87063114602088,18.7314025113032,0.90143681638176,-859.806959913741,5,1,"normal",13
"94",12.71918,0.0173859986049553,0,20,0.010209779465153,18.7314025113032,2.46313964926922,-3.87063114602088,18.7314025113032,0.90143681638176,-859.806959913741,5,1,"normal",14
"95",16.31411,0.170078325463879,0,20,0.010209779465153,18.7314025113032,2.46313964926922,-3.87063114602088,18.7314025113032,0.90143681638176,-859.806959913741,5,1,"normal",15
"96",14.87246,0.0676084782382273,0,20,0.010209779465153,18.7314025113032,2.46313964926922,-3.87063114602088,18.7314025113032,0.90143681638176,-859.806959913741,5,1,"normal",16
"97",17.96667,0.380590659103702,1,20,0.010209779465153,18.7314025113032,2.46313964926922,-3.87063114602088,18.7314025113032,0.90143681638176,-859.806959913741,5,1,"normal",17
"98",9.37767,0.010281373288452,0,20,0.010209779465153,18.7314025113032,2.46313964926922,-3.87063114602088,18.7314025113032,0.90143681638176,-859.806959913741,5,1,"normal",18
"99",19.43134,0.609573850340998,1,20,0.010209779465153,18.7314025113032,2.46313964926922,-3.87063114602088,18.7314025113032,0.90143681638176,-859.806959913741,5,1,"normal",19
"100",15.21178,0.085161419280399,0,20,0.010209779465153,18.7314025113032,2.46313964926922,-3.87063114602088,18.7314025113032,0.90143681638176,-859.806959913741,5,1,"normal",20
"101",9.3332623954,0.998174077520235,1,20,0.00135774234198932,3.26768091400633,1.83348788728516,-5.90606564242606,3.26768091400633,0.606220102172632,1035.3152409912,6,1,"normal",1
"102",-5.88407645522,0.00135804117165948,0,20,0.00135774234198932,3.26768091400633,1.83348788728516,-5.90606564242606,3.26768091400633,0.606220102172632,1035.3152409912,6,1,"normal",2
"103",1.07941206152,0.117378524876546,0,20,0.00135774234198932,3.26768091400633,1.83348788728516,-5.90606564242606,3.26768091400633,0.606220102172632,1035.3152409912,6,1,"normal",3
"104",4.17502962706,0.689141080921804,1,20,0.00135774234198932,3.26768091400633,1.83348788728516,-5.90606564242606,3.26768091400633,0.606220102172632,1035.3152409912,6,1,"normal",4
"105",12.76861,0.998642148130755,1,20,0.00135774234198932,3.26768091400633,1.83348788728516,-5.90606564242606,3.26768091400633,0.606220102172632,1035.3152409912,6,1,"normal",5
"106",-4.86165,0.00136235895323389,0,20,0.00135774234198932,3.26768091400633,1.83348788728516,-5.90606564242606,3.26768091400633,0.606220102172632,1035.3152409912,6,1,"normal",6
"107",2.878751,0.416232570994361,0,20,0.00135774234198932,3.26768091400633,1.83348788728516,-5.90606564242606,3.26768091400633,0.606220102172632,1035.3152409912,6,1,"normal",7
"108",7.406515,0.986681891330584,1,20,0.00135774234198932,3.26768091400633,1.83348788728516,-5.90606564242606,3.26768091400633,0.606220102172632,1035.3152409912,6,1,"normal",8
"109",2.77208,0.393752115775465,1,20,0.00135774234198932,3.26768091400633,1.83348788728516,-5.90606564242606,3.26768091400633,0.606220102172632,1035.3152409912,6,1,"normal",9
"110",2.41614,0.321652707264946,0,20,0.00135774234198932,3.26768091400633,1.83348788728516,-5.90606564242606,3.26768091400633,0.606220102172632,1035.3152409912,6,1,"normal",10
"111",2.6127538877,0.360848882629525,1,20,0.00135774234198932,3.26768091400633,1.83348788728516,-5.90606564242606,3.26768091400633,0.606220102172632,1035.3152409912,6,1,"normal",11
"112",-0.35046,0.0255189476530904,0,20,0.00135774234198932,3.26768091400633,1.83348788728516,-5.90606564242606,3.26768091400633,0.606220102172632,1035.3152409912,6,1,"normal",12
"113",12.56137,0.998642058096187,1,20,0.00135774234198932,3.26768091400633,1.83348788728516,-5.90606564242606,3.26768091400633,0.606220102172632,1035.3152409912,6,1,"normal",13
"114",0.69089,0.0810912507136162,0,20,0.00135774234198932,3.26768091400633,1.83348788728516,-5.90606564242606,3.26768091400633,0.606220102172632,1035.3152409912,6,1,"normal",14
"115",1.48199,0.165954934208951,0,20,0.00135774234198932,3.26768091400633,1.83348788728516,-5.90606564242606,3.26768091400633,0.606220102172632,1035.3152409912,6,1,"normal",15
"116",4.43775,0.737669943276413,0,20,0.00135774234198932,3.26768091400633,1.83348788728516,-5.90606564242606,3.26768091400633,0.606220102172632,1035.3152409912,6,1,"normal",16
"117",9.28937,0.998132430885615,1,20,0.00135774234198932,3.26768091400633,1.83348788728516,-5.90606564242606,3.26768091400633,0.606220102172632,1035.3152409912,6,1,"normal",17
"118",6.50295,0.959927412115225,1,20,0.00135774234198932,3.26768091400633,1.83348788728516,-5.90606564242606,3.26768091400633,0.606220102172632,1035.3152409912,6,1,"normal",18
"119",-2.701205,0.00192220671138197,0,20,0.00135774234198932,3.26768091400633,1.83348788728516,-5.90606564242606,3.26768091400633,0.606220102172632,1035.3152409912,6,1,"normal",19
"120",8.48162,0.996418850291527,1,20,0.00135774234198932,3.26768091400633,1.83348788728516,-5.90606564242606,3.26768091400633,0.606220102172632,1035.3152409912,6,1,"normal",20
"121",7.4031671136,0.0890207108230357,0,20,0.0772178670525283,16.8412176217957,4.29304839452479,-1.70022612547051,16.8412176217957,1.45699706207075,885.41009604949,7,1,"normal",1
"122",9.7914823294,0.119734303141349,0,20,0.0772178670525283,16.8412176217957,4.29304839452479,-1.70022612547051,16.8412176217957,1.45699706207075,885.41009604949,7,1,"normal",2
"123",15.161913972,0.37133597110677,1,20,0.0772178670525283,16.8412176217957,4.29304839452479,-1.70022612547051,16.8412176217957,1.45699706207075,885.41009604949,7,1,"normal",3
"124",8.5546193642,0.0998694995768563,0,20,0.0772178670525283,16.8412176217957,4.29304839452479,-1.70022612547051,16.8412176217957,1.45699706207075,885.41009604949,7,1,"normal",4
"125",3.3303,0.0779148815013996,0,20,0.0772178670525283,16.8412176217957,4.29304839452479,-1.70022612547051,16.8412176217957,1.45699706207075,885.41009604949,7,1,"normal",5
"126",19.54205,0.699015363604762,0,20,0.0772178670525283,16.8412176217957,4.29304839452479,-1.70022612547051,16.8412176217957,1.45699706207075,885.41009604949,7,1,"normal",6
"127",2.3336,0.077525074596178,0,20,0.0772178670525283,16.8412176217957,4.29304839452479,-1.70022612547051,16.8412176217957,1.45699706207075,885.41009604949,7,1,"normal",7
"128",34.98593,0.922772099521122,1,20,0.0772178670525283,16.8412176217957,4.29304839452479,-1.70022612547051,16.8412176217957,1.45699706207075,885.41009604949,7,1,"normal",8
"129",37.24495,0.922781284505088,1,20,0.0772178670525283,16.8412176217957,4.29304839452479,-1.70022612547051,16.8412176217957,1.45699706207075,885.41009604949,7,1,"normal",9
"130",18.24874,0.608647864478431,1,20,0.0772178670525283,16.8412176217957,4.29304839452479,-1.70022612547051,16.8412176217957,1.45699706207075,885.41009604949,7,1,"normal",10
"131",8.4917,0.0991128734765123,0,20,0.0772178670525283,16.8412176217957,4.29304839452479,-1.70022612547051,16.8412176217957,1.45699706207075,885.41009604949,7,1,"normal",11
"132",15.06809,0.36453628404071,0,20,0.0772178670525283,16.8412176217957,4.29304839452479,-1.70022612547051,16.8412176217957,1.45699706207075,885.41009604949,7,1,"normal",12
"133",13.33005,0.252008603286563,0,20,0.0772178670525283,16.8412176217957,4.29304839452479,-1.70022612547051,16.8412176217957,1.45699706207075,885.41009604949,7,1,"normal",13
"134",13.6082,0.268061983617694,0,20,0.0772178670525283,16.8412176217957,4.29304839452479,-1.70022612547051,16.8412176217957,1.45699706207075,885.41009604949,7,1,"normal",14
"135",15.58174,0.402436563742029,0,20,0.0772178670525283,16.8412176217957,4.29304839452479,-1.70022612547051,16.8412176217957,1.45699706207075,885.41009604949,7,1,"normal",15
"136",4.5385,0.0789768475056027,0,20,0.0772178670525283,16.8412176217957,4.29304839452479,-1.70022612547051,16.8412176217957,1.45699706207075,885.41009604949,7,1,"normal",16
"137",31.82059,0.922577320435103,1,20,0.0772178670525283,16.8412176217957,4.29304839452479,-1.70022612547051,16.8412176217957,1.45699706207075,885.41009604949,7,1,"normal",17
"138",27.79272,0.918240652683733,1,20,0.0772178670525283,16.8412176217957,4.29304839452479,-1.70022612547051,16.8412176217957,1.45699706207075,885.41009604949,7,1,"normal",18
"139",14.02259,0.293456683570528,0,20,0.0772178670525283,16.8412176217957,4.29304839452479,-1.70022612547051,16.8412176217957,1.45699706207075,885.41009604949,7,1,"normal",19
"140",22.05662,0.827899688236418,0,20,0.0772178670525283,16.8412176217957,4.29304839452479,-1.70022612547051,16.8412176217957,1.45699706207075,885.41009604949,7,1,"normal",20
"141",-6.1614917889,0.395956948103913,0,20,0.0105811129121268,-4.47186832248002,6.26555229196987,-3.83414813151695,-4.47186832248002,1.83506673960543,788.798617240969,8,1,"normal",1
"142",6.7980385776,0.954149069629715,1,20,0.0105811129121268,-4.47186832248002,6.26555229196987,-3.83414813151695,-4.47186832248002,1.83506673960543,788.798617240969,8,1,"normal",2
"143",0.3497208609,0.773304632697652,1,20,0.0105811129121268,-4.47186832248002,6.26555229196987,-3.83414813151695,-4.47186832248002,1.83506673960543,788.798617240969,8,1,"normal",3
"144",-3.0654227628,0.586925937010494,1,20,0.0105811129121268,-4.47186832248002,6.26555229196987,-3.83414813151695,-4.47186832248002,1.83506673960543,788.798617240969,8,1,"normal",4
"145",-16.79111,0.0346982662570673,0,20,0.0105811129121268,-4.47186832248002,6.26555229196987,-3.83414813151695,-4.47186832248002,1.83506673960543,788.798617240969,8,1,"normal",5
"146",-47.43611,0.0105811129155633,0,20,0.0105811129121268,-4.47186832248002,6.26555229196987,-3.83414813151695,-4.47186832248002,1.83506673960543,788.798617240969,8,1,"normal",6
"147",-2.37503,0.628286212479534,0,20,0.0105811129121268,-4.47186832248002,6.26555229196987,-3.83414813151695,-4.47186832248002,1.83506673960543,788.798617240969,8,1,"normal",7
"148",-13.49381,0.0839390739940978,0,20,0.0105811129121268,-4.47186832248002,6.26555229196987,-3.83414813151695,-4.47186832248002,1.83506673960543,788.798617240969,8,1,"normal",8
"149",-3.68368776753,0.548994003519725,1,20,0.0105811129121268,-4.47186832248002,6.26555229196987,-3.83414813151695,-4.47186832248002,1.83506673960543,788.798617240969,8,1,"normal",9
"150",1.4671,0.821454021185973,1,20,0.0105811129121268,-4.47186832248002,6.26555229196987,-3.83414813151695,-4.47186832248002,1.83506673960543,788.798617240969,8,1,"normal",10
"151",-15.02784,0.0556244254982509,0,20,0.0105811129121268,-4.47186832248002,6.26555229196987,-3.83414813151695,-4.47186832248002,1.83506673960543,788.798617240969,8,1,"normal",11
"152",-6.33692,0.385454888038203,0,20,0.0105811129121268,-4.47186832248002,6.26555229196987,-3.83414813151695,-4.47186832248002,1.83506673960543,788.798617240969,8,1,"normal",12
"153",-1.23706,0.692999581614497,1,20,0.0105811129121268,-4.47186832248002,6.26555229196987,-3.83414813151695,-4.47186832248002,1.83506673960543,788.798617240969,8,1,"normal",13
"154",-5.10607,0.460540850384843,0,20,0.0105811129121268,-4.47186832248002,6.26555229196987,-3.83414813151695,-4.47186832248002,1.83506673960543,788.798617240969,8,1,"normal",14
"155",1.554958,0.824924947444461,1,20,0.0105811129121268,-4.47186832248002,6.26555229196987,-3.83414813151695,-4.47186832248002,1.83506673960543,788.798617240969,8,1,"normal",15
"156",-11.38994,0.142494526879641,0,20,0.0105811129121268,-4.47186832248002,6.26555229196987,-3.83414813151695,-4.47186832248002,1.83506673960543,788.798617240969,8,1,"normal",16
"157",2.0919,0.845126099741477,1,20,0.0105811129121268,-4.47186832248002,6.26555229196987,-3.83414813151695,-4.47186832248002,1.83506673960543,788.798617240969,8,1,"normal",17
"158",-3.055399,0.587535014332017,0,20,0.0105811129121268,-4.47186832248002,6.26555229196987,-3.83414813151695,-4.47186832248002,1.83506673960543,788.798617240969,8,1,"normal",18
"159",-3.88587,0.536469097744609,1,20,0.0105811129121268,-4.47186832248002,6.26555229196987,-3.83414813151695,-4.47186832248002,1.83506673960543,788.798617240969,8,1,"normal",19
"160",2.53981,0.860650637668424,1,20,0.0105811129121268,-4.47186832248002,6.26555229196987,-3.83414813151695,-4.47186832248002,1.83506673960543,788.798617240969,8,1,"normal",20
"161",9.8447658629,0.00297998507644725,0,20,0.00297640091101909,12.8956185462248,0.679877594564862,-5.11792268542398,12.8956185462248,-0.385842505008218,907.775535086494,9,1,"normal",1
"162",9.8279737581,0.00297959193535538,0,20,0.00297640091101909,12.8956185462248,0.679877594564862,-5.11792268542398,12.8956185462248,-0.385842505008218,907.775535086494,9,1,"normal",2
"163",16.515598354,0.997023548763153,1,20,0.00297640091101909,12.8956185462248,0.679877594564862,-5.11792268542398,12.8956185462248,-0.385842505008218,907.775535086494,9,1,"normal",3
"164",11.580330985,0.0293385605987874,0,20,0.00297640091101909,12.8956185462248,0.679877594564862,-5.11792268542398,12.8956185462248,-0.385842505008218,907.775535086494,9,1,"normal",4
"165",15.271004993,0.996786956888888,1,20,0.00297640091101909,12.8956185462248,0.679877594564862,-5.11792268542398,12.8956185462248,-0.385842505008218,907.775535086494,9,1,"normal",5
"166",18.29584,0.99702359908898,1,20,0.00297640091101909,12.8956185462248,0.679877594564862,-5.11792268542398,12.8956185462248,-0.385842505008218,907.775535086494,9,1,"normal",6
"167",16.22359,0.997023110378964,1,20,0.00297640091101909,12.8956185462248,0.679877594564862,-5.11792268542398,12.8956185462248,-0.385842505008218,907.775535086494,9,1,"normal",7
"168",13.888,0.925259828190202,1,20,0.00297640091101909,12.8956185462248,0.679877594564862,-5.11792268542398,12.8956185462248,-0.385842505008218,907.775535086494,9,1,"normal",8
"169",13.11612,0.626397164812857,1,20,0.00297640091101909,12.8956185462248,0.679877594564862,-5.11792268542398,12.8956185462248,-0.385842505008218,907.775535086494,9,1,"normal",9
"170",9.77273,0.00297856927715063,0,20,0.00297640091101909,12.8956185462248,0.679877594564862,-5.11792268542398,12.8956185462248,-0.385842505008218,907.775535086494,9,1,"normal",10
"171",9.9599,0.00298422614948451,0,20,0.00297640091101909,12.8956185462248,0.679877594564862,-5.11792268542398,12.8956185462248,-0.385842505008218,907.775535086494,9,1,"normal",11
"172",15.0618,0.996306952927526,1,20,0.00297640091101909,12.8956185462248,0.679877594564862,-5.11792268542398,12.8956185462248,-0.385842505008218,907.775535086494,9,1,"normal",12
"173",11.29143,0.0120710984786522,0,20,0.00297640091101909,12.8956185462248,0.679877594564862,-5.11792268542398,12.8956185462248,-0.385842505008218,907.775535086494,9,1,"normal",13
"174",13.95233,0.937320780941699,1,20,0.00297640091101909,12.8956185462248,0.679877594564862,-5.11792268542398,12.8956185462248,-0.385842505008218,907.775535086494,9,1,"normal",14
"175",10.05829,0.00299132295932646,0,20,0.00297640091101909,12.8956185462248,0.679877594564862,-5.11792268542398,12.8956185462248,-0.385842505008218,907.775535086494,9,1,"normal",15
"176",11.23443,0.0102086143667799,0,20,0.00297640091101909,12.8956185462248,0.679877594564862,-5.11792268542398,12.8956185462248,-0.385842505008218,907.775535086494,9,1,"normal",16
"177",15.3096,0.99683257464738,1,20,0.00297640091101909,12.8956185462248,0.679877594564862,-5.11792268542398,12.8956185462248,-0.385842505008218,907.775535086494,9,1,"normal",17
"178",14.63833,0.991869928145672,1,20,0.00297640091101909,12.8956185462248,0.679877594564862,-5.11792268542398,12.8956185462248,-0.385842505008218,907.775535086494,9,1,"normal",18
"179",6.30538,0.00297640091101909,0,20,0.00297640091101909,12.8956185462248,0.679877594564862,-5.11792268542398,12.8956185462248,-0.385842505008218,907.775535086494,9,1,"normal",19
"180",10.84277,0.00423508210751411,0,20,0.00297640091101909,12.8956185462248,0.679877594564862,-5.11792268542398,12.8956185462248,-0.385842505008218,907.775535086494,9,1,"normal",20
"181",8.93391624714,0.981154496655603,1,20,0.0132610173562468,-13.784642572344,8.98697090352039,-3.60289930395522,-13.784642572344,2.19577585105226,1175.10379967642,10,1,"normal",1
"182",-5.6609366434,0.808579940689092,1,20,0.0132610173562468,-13.784642572344,8.98697090352039,-3.60289930395522,-13.784642572344,2.19577585105226,1175.10379967642,10,1,"normal",2
"183",-12.2299186067,0.566851967774474,1,20,0.0132610173562468,-13.784642572344,8.98697090352039,-3.60289930395522,-13.784642572344,2.19577585105226,1175.10379967642,10,1,"normal",3
"184",-18.0649491622,0.321792952368022,0,20,0.0132610173562468,-13.784642572344,8.98697090352039,-3.60289930395522,-13.784642572344,2.19577585105226,1175.10379967642,10,1,"normal",4
"185",-16.43117,0.387265110535517,1,20,0.0132610173562468,-13.784642572344,8.98697090352039,-3.60289930395522,-13.784642572344,2.19577585105226,1175.10379967642,10,1,"normal",5
"186",-19.53683,0.267404254725046,0,20,0.0132610173562468,-13.784642572344,8.98697090352039,-3.60289930395522,-13.784642572344,2.19577585105226,1175.10379967642,10,1,"normal",6
"187",-16.4878123,0.384923435742409,0,20,0.0132610173562468,-13.784642572344,8.98697090352039,-3.60289930395522,-13.784642572344,2.19577585105226,1175.10379967642,10,1,"normal",7
"188",-44.5789,0.0135585673011726,0,20,0.0132610173562468,-13.784642572344,8.98697090352039,-3.60289930395522,-13.784642572344,2.19577585105226,1175.10379967642,10,1,"normal",8
"189",-11.58919,0.593938659835756,1,20,0.0132610173562468,-13.784642572344,8.98697090352039,-3.60289930395522,-13.784642572344,2.19577585105226,1175.10379967642,10,1,"normal",9
"190",-13.34859,0.518836114847827,1,20,0.0132610173562468,-13.784642572344,8.98697090352039,-3.60289930395522,-13.784642572344,2.19577585105226,1175.10379967642,10,1,"normal",10
"191",-14.73341,0.459076148905761,1,20,0.0132610173562468,-13.784642572344,8.98697090352039,-3.60289930395522,-13.784642572344,2.19577585105226,1175.10379967642,10,1,"normal",11
"192",-18.81408,0.293489969935517,0,20,0.0132610173562468,-13.784642572344,8.98697090352039,-3.60289930395522,-13.784642572344,2.19577585105226,1175.10379967642,10,1,"normal",12
"193",-10.20793,0.650578282567591,1,20,0.0132610173562468,-13.784642572344,8.98697090352039,-3.60289930395522,-13.784642572344,2.19577585105226,1175.10379967642,10,1,"normal",13
"194",-13.67846,0.504588449896068,1,20,0.0132610173562468,-13.784642572344,8.98697090352039,-3.60289930395522,-13.784642572344,2.19577585105226,1175.10379967642,10,1,"normal",14
"195",-17.82975,0.330922732661692,1,20,0.0132610173562468,-13.784642572344,8.98697090352039,-3.60289930395522,-13.784642572344,2.19577585105226,1175.10379967642,10,1,"normal",15
"196",-20.06706,0.249093618312031,0,20,0.0132610173562468,-13.784642572344,8.98697090352039,-3.60289930395522,-13.784642572344,2.19577585105226,1175.10379967642,10,1,"normal",16
"197",-13.71841,0.502862137850283,0,20,0.0132610173562468,-13.784642572344,8.98697090352039,-3.60289930395522,-13.784642572344,2.19577585105226,1175.10379967642,10,1,"normal",17
"198",-18.78939,0.294402964713166,0,20,0.0132610173562468,-13.784642572344,8.98697090352039,-3.60289930395522,-13.784642572344,2.19577585105226,1175.10379967642,10,1,"normal",18
"199",-17.7608,0.333619910200067,0,20,0.0132610173562468,-13.784642572344,8.98697090352039,-3.60289930395522,-13.784642572344,2.19577585105226,1175.10379967642,10,1,"normal",19
"200",-20.75832,0.226337292746534,0,20,0.0132610173562468,-13.784642572344,8.98697090352039,-3.60289930395522,-13.784642572344,2.19577585105226,1175.10379967642,10,1,"normal",20
"201",5.2329347079,0.158640674016539,0,20,0.0359382078147325,7.21606174922235,1.77694951791344,-2.55821670209471,7.21606174922235,0.574898140166531,493.459352790479,1,2,"normal",1
"202",10.4674598718,0.932837279637419,1,20,0.0359382078147325,7.21606174922235,1.77694951791344,-2.55821670209471,7.21606174922235,0.574898140166531,493.459352790479,1,2,"normal",2
"203",1.1547973841,0.036238516717592,0,20,0.0359382078147325,7.21606174922235,1.77694951791344,-2.55821670209471,7.21606174922235,0.574898140166531,493.459352790479,1,2,"normal",3
"204",7.8013399119,0.619786315973918,1,20,0.0359382078147325,7.21606174922235,1.77694951791344,-2.55821670209471,7.21606174922235,0.574898140166531,493.459352790479,1,2,"normal",4
"205",1.898512,0.0372222121343233,0,20,0.0359382078147325,7.21606174922235,1.77694951791344,-2.55821670209471,7.21606174922235,0.574898140166531,493.459352790479,1,2,"normal",5
"206",5.616,0.206656591919805,0,20,0.0359382078147325,7.21606174922235,1.77694951791344,-2.55821670209471,7.21606174922235,0.574898140166531,493.459352790479,1,2,"normal",6
"207",9.06057,0.825186207064886,1,20,0.0359382078147325,7.21606174922235,1.77694951791344,-2.55821670209471,7.21606174922235,0.574898140166531,493.459352790479,1,2,"normal",7
"208",7.11996,0.479984778232311,1,20,0.0359382078147325,7.21606174922235,1.77694951791344,-2.55821670209471,7.21606174922235,0.574898140166531,493.459352790479,1,2,"normal",8
"209",7.74282,0.608175417735986,0,20,0.0359382078147325,7.21606174922235,1.77694951791344,-2.55821670209471,7.21606174922235,0.574898140166531,493.459352790479,1,2,"normal",9
"210",-37.33957,0.0359382078147325,0,20,0.0359382078147325,7.21606174922235,1.77694951791344,-2.55821670209471,7.21606174922235,0.574898140166531,493.459352790479,1,2,"normal",10
"211",6.61611,0.377321511647412,0,20,0.0359382078147325,7.21606174922235,1.77694951791344,-2.55821670209471,7.21606174922235,0.574898140166531,493.459352790479,1,2,"normal",11
"212",12.97769,0.963511802374836,1,20,0.0359382078147325,7.21606174922235,1.77694951791344,-2.55821670209471,7.21606174922235,0.574898140166531,493.459352790479,1,2,"normal",12
"213",4.52947,0.0965243456959904,1,20,0.0359382078147325,7.21606174922235,1.77694951791344,-2.55821670209471,7.21606174922235,0.574898140166531,493.459352790479,1,2,"normal",13
"214",2.44179,0.0392861600401079,0,20,0.0359382078147325,7.21606174922235,1.77694951791344,-2.55821670209471,7.21606174922235,0.574898140166531,493.459352790479,1,2,"normal",14
"215",-0.78526,0.0359413193927094,0,20,0.0359382078147325,7.21606174922235,1.77694951791344,-2.55821670209471,7.21606174922235,0.574898140166531,493.459352790479,1,2,"normal",15
"216",14.17446,0.964019999323203,1,20,0.0359382078147325,7.21606174922235,1.77694951791344,-2.55821670209471,7.21606174922235,0.574898140166531,493.459352790479,1,2,"normal",16
"217",6.28131,0.313845497335295,0,20,0.0359382078147325,7.21606174922235,1.77694951791344,-2.55821670209471,7.21606174922235,0.574898140166531,493.459352790479,1,2,"normal",17
"218",21.55155,0.964061792185267,1,20,0.0359382078147325,7.21606174922235,1.77694951791344,-2.55821670209471,7.21606174922235,0.574898140166531,493.459352790479,1,2,"normal",18
"219",2.74718,0.0414633359513835,0,20,0.0359382078147325,7.21606174922235,1.77694951791344,-2.55821670209471,7.21606174922235,0.574898140166531,493.459352790479,1,2,"normal",19
"220",11.20705,0.952596930744155,1,20,0.0359382078147325,7.21606174922235,1.77694951791344,-2.55821670209471,7.21606174922235,0.574898140166531,493.459352790479,1,2,"normal",20
"221",-9.2870167566,0.457428221458859,1,20,0.0998585886342853,-9.14386523733919,1.07037168299557,-1.38806294151721,-9.14386523733919,0.0680059554413497,-1101.68465560547,2,2,"normal",1
"222",-9.503182974,0.394803366999962,1,20,0.0998585886342853,-9.14386523733919,1.07037168299557,-1.38806294151721,-9.14386523733919,0.0680059554413497,-1101.68465560547,2,2,"normal",2
"223",-16.02973282089,0.0998585886842956,0,20,0.0998585886342853,-9.14386523733919,1.07037168299557,-1.38806294151721,-9.14386523733919,0.0680059554413497,-1101.68465560547,2,2,"normal",3
"224",-12.8460254964,0.100075731536008,0,20,0.0998585886342853,-9.14386523733919,1.07037168299557,-1.38806294151721,-9.14386523733919,0.0680059554413497,-1101.68465560547,2,2,"normal",4
"225",-6.594023191,0.89325520440036,0,20,0.0998585886342853,-9.14386523733919,1.07037168299557,-1.38806294151721,-9.14386523733919,0.0680059554413497,-1101.68465560547,2,2,"normal",5
"226",-2.59893904022,0.900141410978451,1,20,0.0998585886342853,-9.14386523733919,1.07037168299557,-1.38806294151721,-9.14386523733919,0.0680059554413497,-1101.68465560547,2,2,"normal",6
"227",-3.9863709707,0.900140832346582,1,20,0.0998585886342853,-9.14386523733919,1.07037168299557,-1.38806294151721,-9.14386523733919,0.0680059554413497,-1101.68465560547,2,2,"normal",7
"228",-9.33375,0.443657528828814,0,20,0.0998585886342853,-9.14386523733919,1.07037168299557,-1.38806294151721,-9.14386523733919,0.0680059554413497,-1101.68465560547,2,2,"normal",8
"229",-8.2972100621,0.728501231819726,1,20,0.0998585886342853,-9.14386523733919,1.07037168299557,-1.38806294151721,-9.14386523733919,0.0680059554413497,-1101.68465560547,2,2,"normal",9
"230",-9.23099317606,0.474040459445176,1,20,0.0998585886342853,-9.14386523733919,1.07037168299557,-1.38806294151721,-9.14386523733919,0.0680059554413497,-1101.68465560547,2,2,"normal",10
"231",-8.80791,0.598586270893289,1,20,0.0998585886342853,-9.14386523733919,1.07037168299557,-1.38806294151721,-9.14386523733919,0.0680059554413497,-1101.68465560547,2,2,"normal",11
"232",-15.96398,0.0998585887090769,0,20,0.0998585886342853,-9.14386523733919,1.07037168299557,-1.38806294151721,-9.14386523733919,0.0680059554413497,-1101.68465560547,2,2,"normal",12
"233",-3.64543,0.90014129962707,1,20,0.0998585886342853,-9.14386523733919,1.07037168299557,-1.38806294151721,-9.14386523733919,0.0680059554413497,-1101.68465560547,2,2,"normal",13
"234",-29.4488,0.0998585886342853,0,20,0.0998585886342853,-9.14386523733919,1.07037168299557,-1.38806294151721,-9.14386523733919,0.0680059554413497,-1101.68465560547,2,2,"normal",14
"235",-17.83513,0.0998585886342855,0,20,0.0998585886342853,-9.14386523733919,1.07037168299557,-1.38806294151721,-9.14386523733919,0.0680059554413497,-1101.68465560547,2,2,"normal",15
"236",-7.54864,0.84566895348974,1,20,0.0998585886342853,-9.14386523733919,1.07037168299557,-1.38806294151721,-9.14386523733919,0.0680059554413497,-1101.68465560547,2,2,"normal",16
"237",-15.08122,0.099858600262716,0,20,0.0998585886342853,-9.14386523733919,1.07037168299557,-1.38806294151721,-9.14386523733919,0.0680059554413497,-1101.68465560547,2,2,"normal",17
"238",-16.27222,0.0998585886452646,1,20,0.0998585886342853,-9.14386523733919,1.07037168299557,-1.38806294151721,-9.14386523733919,0.0680059554413497,-1101.68465560547,2,2,"normal",18
"239",-18.14697,0.0998585886342853,0,20,0.0998585886342853,-9.14386523733919,1.07037168299557,-1.38806294151721,-9.14386523733919,0.0680059554413497,-1101.68465560547,2,2,"normal",19
"240",-9.32468,0.446322629721754,1,20,0.0998585886342853,-9.14386523733919,1.07037168299557,-1.38806294151721,-9.14386523733919,0.0680059554413497,-1101.68465560547,2,2,"normal",20
"241",9.4272661583,0.990021672639481,1,20,0.0099783272169001,-0.247017199950986,1.53501766150683,-3.89403415755855,-0.247017199950986,0.428541886840611,132.305380312301,3,2,"normal",1
"242",-5.551545891911,0.0102473040668696,0,20,0.0099783272169001,-0.247017199950986,1.53501766150683,-3.89403415755855,-0.247017199950986,0.428541886840611,132.305380312301,3,2,"normal",2
"243",1.6772770378,0.887122827403383,1,20,0.0099783272169001,-0.247017199950986,1.53501766150683,-3.89403415755855,-0.247017199950986,0.428541886840611,132.305380312301,3,2,"normal",3
"244",-3.9686100024,0.0174908815072814,0,20,0.0099783272169001,-0.247017199950986,1.53501766150683,-3.89403415755855,-0.247017199950986,0.428541886840611,132.305380312301,3,2,"normal",4
"245",-0.12517,0.531002851648962,1,20,0.0099783272169001,-0.247017199950986,1.53501766150683,-3.89403415755855,-0.247017199950986,0.428541886840611,132.305380312301,3,2,"normal",5
"246",0.0907499999999999,0.585342649065958,0,20,0.0099783272169001,-0.247017199950986,1.53501766150683,-3.89403415755855,-0.247017199950986,0.428541886840611,132.305380312301,3,2,"normal",6
"247",-1.2565691091,0.260253540496436,0,20,0.0099783272169001,-0.247017199950986,1.53501766150683,-3.89403415755855,-0.247017199950986,0.428541886840611,132.305380312301,3,2,"normal",7
"248",5.71209,0.989970929043562,1,20,0.0099783272169001,-0.247017199950986,1.53501766150683,-3.89403415755855,-0.247017199950986,0.428541886840611,132.305380312301,3,2,"normal",8
"249",2.75181,0.965154418829289,1,20,0.0099783272169001,-0.247017199950986,1.53501766150683,-3.89403415755855,-0.247017199950986,0.428541886840611,132.305380312301,3,2,"normal",9
"250",-1.126439,0.287677486836957,0,20,0.0099783272169001,-0.247017199950986,1.53501766150683,-3.89403415755855,-0.247017199950986,0.428541886840611,132.305380312301,3,2,"normal",10
"251",-0.94352,0.32849934869987,0,20,0.0099783272169001,-0.247017199950986,1.53501766150683,-3.89403415755855,-0.247017199950986,0.428541886840611,132.305380312301,3,2,"normal",11
"252",10.81546,0.990021672782819,1,20,0.0099783272169001,-0.247017199950986,1.53501766150683,-3.89403415755855,-0.247017199950986,0.428541886840611,132.305380312301,3,2,"normal",12
"253",6.38547,0.990014054299015,1,20,0.0099783272169001,-0.247017199950986,1.53501766150683,-3.89403415755855,-0.247017199950986,0.428541886840611,132.305380312301,3,2,"normal",13
"254",1.522797,0.868042175439559,0,20,0.0099783272169001,-0.247017199950986,1.53501766150683,-3.89403415755855,-0.247017199950986,0.428541886840611,132.305380312301,3,2,"normal",14
"255",2.3894423,0.947938647668934,0,20,0.0099783272169001,-0.247017199950986,1.53501766150683,-3.89403415755855,-0.247017199950986,0.428541886840611,132.305380312301,3,2,"normal",15
"256",0.60321,0.705977771206596,1,20,0.0099783272169001,-0.247017199950986,1.53501766150683,-3.89403415755855,-0.247017199950986,0.428541886840611,132.305380312301,3,2,"normal",16
"257",2.655301,0.961277415436898,1,20,0.0099783272169001,-0.247017199950986,1.53501766150683,-3.89403415755855,-0.247017199950986,0.428541886840611,132.305380312301,3,2,"normal",17
"258",-2.140474,0.116502294666164,0,20,0.0099783272169001,-0.247017199950986,1.53501766150683,-3.89403415755855,-0.247017199950986,0.428541886840611,132.305380312301,3,2,"normal",18
"259",-3.0920633,0.0412519552398055,0,20,0.0099783272169001,-0.247017199950986,1.53501766150683,-3.89403415755855,-0.247017199950986,0.428541886840611,132.305380312301,3,2,"normal",19
"260",4.13694,0.987919175978646,1,20,0.0099783272169001,-0.247017199950986,1.53501766150683,-3.89403415755855,-0.247017199950986,0.428541886840611,132.305380312301,3,2,"normal",20
"261",-8.8479502096,0.835684396321387,1,20,3.66759797947976e-05,-11.8470318423205,3.06976564203923,-9.52016798347759,-11.8470318423205,1.12160122058724,-1236.67200051164,4,2,"normal",1
"262",-11.31987938019,0.568167744444613,1,20,3.66759797947976e-05,-11.8470318423205,3.06976564203923,-9.52016798347759,-11.8470318423205,1.12160122058724,-1236.67200051164,4,2,"normal",2
"263",-16.9275401322,0.0489938087397201,0,20,3.66759797947976e-05,-11.8470318423205,3.06976564203923,-9.52016798347759,-11.8470318423205,1.12160122058724,-1236.67200051164,4,2,"normal",3
"264",-9.9178447253,0.735127398566832,1,20,3.66759797947976e-05,-11.8470318423205,3.06976564203923,-9.52016798347759,-11.8470318423205,1.12160122058724,-1236.67200051164,4,2,"normal",4
"265",-12.11157,0.465666027711203,0,20,3.66759797947976e-05,-11.8470318423205,3.06976564203923,-9.52016798347759,-11.8470318423205,1.12160122058724,-1236.67200051164,4,2,"normal",5
"266",-23.7592,8.87971374048295e-05,0,20,3.66759797947976e-05,-11.8470318423205,3.06976564203923,-9.52016798347759,-11.8470318423205,1.12160122058724,-1236.67200051164,4,2,"normal",6
"267",-16.94511,0.048416110184636,0,20,3.66759797947976e-05,-11.8470318423205,3.06976564203923,-9.52016798347759,-11.8470318423205,1.12160122058724,-1236.67200051164,4,2,"normal",7
"268",-19.73126,0.00514551874866399,0,20,3.66759797947976e-05,-11.8470318423205,3.06976564203923,-9.52016798347759,-11.8470318423205,1.12160122058724,-1236.67200051164,4,2,"normal",8
"269",-11.46164,0.549950041732533,1,20,3.66759797947976e-05,-11.8470318423205,3.06976564203923,-9.52016798347759,-11.8470318423205,1.12160122058724,-1236.67200051164,4,2,"normal",9
"270",-21.17532,0.00122434981654025,0,20,3.66759797947976e-05,-11.8470318423205,3.06976564203923,-9.52016798347759,-11.8470318423205,1.12160122058724,-1236.67200051164,4,2,"normal",10
"271",-8.66083,0.850322977689583,0,20,3.66759797947976e-05,-11.8470318423205,3.06976564203923,-9.52016798347759,-11.8470318423205,1.12160122058724,-1236.67200051164,4,2,"normal",11
"272",-14.99505,0.152591183912356,1,20,3.66759797947976e-05,-11.8470318423205,3.06976564203923,-9.52016798347759,-11.8470318423205,1.12160122058724,-1236.67200051164,4,2,"normal",12
"273",-8.75908,0.842748862883619,1,20,3.66759797947976e-05,-11.8470318423205,3.06976564203923,-9.52016798347759,-11.8470318423205,1.12160122058724,-1236.67200051164,4,2,"normal",13
"274",-2.84564,0.998280995017743,1,20,3.66759797947976e-05,-11.8470318423205,3.06976564203923,-9.52016798347759,-11.8470318423205,1.12160122058724,-1236.67200051164,4,2,"normal",14
"275",-22.10862,0.000451345713530817,0,20,3.66759797947976e-05,-11.8470318423205,3.06976564203923,-9.52016798347759,-11.8470318423205,1.12160122058724,-1236.67200051164,4,2,"normal",15
"276",-7.66752,0.913293148440747,1,20,3.66759797947976e-05,-11.8470318423205,3.06976564203923,-9.52016798347759,-11.8470318423205,1.12160122058724,-1236.67200051164,4,2,"normal",16
"277",-28.3887,3.67114860820332e-05,0,20,3.66759797947976e-05,-11.8470318423205,3.06976564203923,-9.52016798347759,-11.8470318423205,1.12160122058724,-1236.67200051164,4,2,"normal",17
"278",-20.07421,0.0037167752825866,0,20,3.66759797947976e-05,-11.8470318423205,3.06976564203923,-9.52016798347759,-11.8470318423205,1.12160122058724,-1236.67200051164,4,2,"normal",18
"279",-20.53072,0.00237280327775731,0,20,3.66759797947976e-05,-11.8470318423205,3.06976564203923,-9.52016798347759,-11.8470318423205,1.12160122058724,-1236.67200051164,4,2,"normal",19
"280",-15.25575,0.133436704176732,0,20,3.66759797947976e-05,-11.8470318423205,3.06976564203923,-9.52016798347759,-11.8470318423205,1.12160122058724,-1236.67200051164,4,2,"normal",20
"281",6.71515969613,0.0102103032279151,0,20,0.010209779465153,18.7314025113032,2.46313964926922,-3.87063114602088,18.7314025113032,0.90143681638176,283.313572386194,5,2,"normal",1
"282",8.5266572779,0.0102265703381783,0,20,0.010209779465153,18.7314025113032,2.46313964926922,-3.87063114602088,18.7314025113032,0.90143681638176,283.313572386194,5,2,"normal",2
"283",12.946909119,0.0194438460872497,0,20,0.010209779465153,18.7314025113032,2.46313964926922,-3.87063114602088,18.7314025113032,0.90143681638176,283.313572386194,5,2,"normal",3
"284",22.41360761,0.923700654075406,1,20,0.010209779465153,18.7314025113032,2.46313964926922,-3.87063114602088,18.7314025113032,0.90143681638176,283.313572386194,5,2,"normal",4
"285",17.613,0.328469960690314,0,20,0.010209779465153,18.7314025113032,2.46313964926922,-3.87063114602088,18.7314025113032,0.90143681638176,283.313572386194,5,2,"normal",5
"286",25.55916,0.987061227156479,1,20,0.010209779465153,18.7314025113032,2.46313964926922,-3.87063114602088,18.7314025113032,0.90143681638176,283.313572386194,5,2,"normal",6
"287",18.80932,0.512360147579694,1,20,0.010209779465153,18.7314025113032,2.46313964926922,-3.87063114602088,18.7314025113032,0.90143681638176,283.313572386194,5,2,"normal",7
"288",13.2238,0.0226265391674249,0,20,0.010209779465153,18.7314025113032,2.46313964926922,-3.87063114602088,18.7314025113032,0.90143681638176,283.313572386194,5,2,"normal",8
"289",21.63565,0.873041423279017,1,20,0.010209779465153,18.7314025113032,2.46313964926922,-3.87063114602088,18.7314025113032,0.90143681638176,283.313572386194,5,2,"normal",9
"290",22.73868,0.938970215151988,1,20,0.010209779465153,18.7314025113032,2.46313964926922,-3.87063114602088,18.7314025113032,0.90143681638176,283.313572386194,5,2,"normal",10
"291",38.3777,0.989790220534846,1,20,0.010209779465153,18.7314025113032,2.46313964926922,-3.87063114602088,18.7314025113032,0.90143681638176,283.313572386194,5,2,"normal",11
"292",15.16015,0.0822542396801748,0,20,0.010209779465153,18.7314025113032,2.46313964926922,-3.87063114602088,18.7314025113032,0.90143681638176,283.313572386194,5,2,"normal",12
"293",22.44478,0.925303302166558,1,20,0.010209779465153,18.7314025113032,2.46313964926922,-3.87063114602088,18.7314025113032,0.90143681638176,283.313572386194,5,2,"normal",13
"294",16.93493,0.238350224631624,0,20,0.010209779465153,18.7314025113032,2.46313964926922,-3.87063114602088,18.7314025113032,0.90143681638176,283.313572386194,5,2,"normal",14
"295",16.09499,0.149537191735681,0,20,0.010209779465153,18.7314025113032,2.46313964926922,-3.87063114602088,18.7314025113032,0.90143681638176,283.313572386194,5,2,"normal",15
"296",17.96226,0.379924086384922,1,20,0.010209779465153,18.7314025113032,2.46313964926922,-3.87063114602088,18.7314025113032,0.90143681638176,283.313572386194,5,2,"normal",16
"297",15.4988,0.102970274603997,0,20,0.010209779465153,18.7314025113032,2.46313964926922,-3.87063114602088,18.7314025113032,0.90143681638176,283.313572386194,5,2,"normal",17
"298",19.24442,0.58080950544306,1,20,0.010209779465153,18.7314025113032,2.46313964926922,-3.87063114602088,18.7314025113032,0.90143681638176,283.313572386194,5,2,"normal",18
"299",19.51309,0.62197004664919,0,20,0.010209779465153,18.7314025113032,2.46313964926922,-3.87063114602088,18.7314025113032,0.90143681638176,283.313572386194,5,2,"normal",19
"300",13.38838,0.0249368505074109,0,20,0.010209779465153,18.7314025113032,2.46313964926922,-3.87063114602088,18.7314025113032,0.90143681638176,283.313572386194,5,2,"normal",20
"301",9.2212509236,0.998060960887851,1,20,0.00135774234198932,3.26768091400633,1.83348788728516,-5.90606564242606,3.26768091400633,0.606220102172632,257.298118450495,6,2,"normal",1
"302",-5.91517315391,0.00135801600835697,0,20,0.00135774234198932,3.26768091400633,1.83348788728516,-5.90606564242606,3.26768091400633,0.606220102172632,257.298118450495,6,2,"normal",2
"303",1.6764869746,0.193572371750435,1,20,0.00135774234198932,3.26768091400633,1.83348788728516,-5.90606564242606,3.26768091400633,0.606220102172632,257.298118450495,6,2,"normal",3
"304",-1.89118204427,0.00379992909606136,0,20,0.00135774234198932,3.26768091400633,1.83348788728516,-5.90606564242606,3.26768091400633,0.606220102172632,257.298118450495,6,2,"normal",4
"305",0.7770738265,0.0882896815891897,0,20,0.00135774234198932,3.26768091400633,1.83348788728516,-5.90606564242606,3.26768091400633,0.606220102172632,257.298118450495,6,2,"normal",5
"306",1.22743,0.133900386268862,0,20,0.00135774234198932,3.26768091400633,1.83348788728516,-5.90606564242606,3.26768091400633,0.606220102172632,257.298118450495,6,2,"normal",6
"307",19.25147,0.998642257658011,1,20,0.00135774234198932,3.26768091400633,1.83348788728516,-5.90606564242606,3.26768091400633,0.606220102172632,257.298118450495,6,2,"normal",7
"308",-5.61318,0.001358377835818,0,20,0.00135774234198932,3.26768091400633,1.83348788728516,-5.90606564242606,3.26768091400633,0.606220102172632,257.298118450495,6,2,"normal",8
"309",-1.11451,0.00975712107155534,0,20,0.00135774234198932,3.26768091400633,1.83348788728516,-5.90606564242606,3.26768091400633,0.606220102172632,257.298118450495,6,2,"normal",9
"310",-10.28611,0.00135774234206124,0,20,0.00135774234198932,3.26768091400633,1.83348788728516,-5.90606564242606,3.26768091400633,0.606220102172632,257.298118450495,6,2,"normal",10
"311",9.784,0.998453103666409,1,20,0.00135774234198932,3.26768091400633,1.83348788728516,-5.90606564242606,3.26768091400633,0.606220102172632,257.298118450495,6,2,"normal",11
"312",10.397365,0.998591980576937,1,20,0.00135774234198932,3.26768091400633,1.83348788728516,-5.90606564242606,3.26768091400633,0.606220102172632,257.298118450495,6,2,"normal",12
"313",2.88224,0.416972974416874,0,20,0.00135774234198932,3.26768091400633,1.83348788728516,-5.90606564242606,3.26768091400633,0.606220102172632,257.298118450495,6,2,"normal",13
"314",10.33733,0.998584749482937,1,20,0.00135774234198932,3.26768091400633,1.83348788728516,-5.90606564242606,3.26768091400633,0.606220102172632,257.298118450495,6,2,"normal",14
"315",0.295100000000001,0.0536949900412112,0,20,0.00135774234198932,3.26768091400633,1.83348788728516,-5.90606564242606,3.26768091400633,0.606220102172632,257.298118450495,6,2,"normal",15
"316",6.80799,0.971968099712692,0,20,0.00135774234198932,3.26768091400633,1.83348788728516,-5.90606564242606,3.26768091400633,0.606220102172632,257.298118450495,6,2,"normal",16
"317",7.9892,0.993646131103308,1,20,0.00135774234198932,3.26768091400633,1.83348788728516,-5.90606564242606,3.26768091400633,0.606220102172632,257.298118450495,6,2,"normal",17
"318",8.50696,0.996513411908283,1,20,0.00135774234198932,3.26768091400633,1.83348788728516,-5.90606564242606,3.26768091400633,0.606220102172632,257.298118450495,6,2,"normal",18
"319",5.33451,0.869179812673542,1,20,0.00135774234198932,3.26768091400633,1.83348788728516,-5.90606564242606,3.26768091400633,0.606220102172632,257.298118450495,6,2,"normal",19
"320",10.58917,0.998609752789112,1,20,0.00135774234198932,3.26768091400633,1.83348788728516,-5.90606564242606,3.26768091400633,0.606220102172632,257.298118450495,6,2,"normal",20
"321",10.1290669033,0.12707939769112,0,20,0.0772178670525283,16.8412176217957,4.29304839452479,-1.70022612547051,16.8412176217957,1.45699706207075,897.425108661604,7,2,"normal",1
"322",10.53393106102,0.13716091093549,0,20,0.0772178670525283,16.8412176217957,4.29304839452479,-1.70022612547051,16.8412176217957,1.45699706207075,897.425108661604,7,2,"normal",2
"323",20.045477334,0.730231974867027,0,20,0.0772178670525283,16.8412176217957,4.29304839452479,-1.70022612547051,16.8412176217957,1.45699706207075,897.425108661604,7,2,"normal",3
"324",25.10784484,0.899885824413159,1,20,0.0772178670525283,16.8412176217957,4.29304839452479,-1.70022612547051,16.8412176217957,1.45699706207075,897.425108661604,7,2,"normal",4
"325",36.2373,0.922779493927711,0,20,0.0772178670525283,16.8412176217957,4.29304839452479,-1.70022612547051,16.8412176217957,1.45699706207075,897.425108661604,7,2,"normal",5
"326",19.0496808404,0.666173264568609,0,20,0.0772178670525283,16.8412176217957,4.29304839452479,-1.70022612547051,16.8412176217957,1.45699706207075,897.425108661604,7,2,"normal",6
"327",22.367747697,0.839078656376054,1,20,0.0772178670525283,16.8412176217957,4.29304839452479,-1.70022612547051,16.8412176217957,1.45699706207075,897.425108661604,7,2,"normal",7
"328",20.131948515,0.735335878362423,0,20,0.0772178670525283,16.8412176217957,4.29304839452479,-1.70022612547051,16.8412176217957,1.45699706207075,897.425108661604,7,2,"normal",8
"329",20.2597548158,0.742736125564486,1,20,0.0772178670525283,16.8412176217957,4.29304839452479,-1.70022612547051,16.8412176217957,1.45699706207075,897.425108661604,7,2,"normal",9
"330",4.60265,0.0790616680832998,1,20,0.0772178670525283,16.8412176217957,4.29304839452479,-1.70022612547051,16.8412176217957,1.45699706207075,897.425108661604,7,2,"normal",10
"331",-20.229953,0.0772178670525283,1,20,0.0772178670525283,16.8412176217957,4.29304839452479,-1.70022612547051,16.8412176217957,1.45699706207075,897.425108661604,7,2,"normal",11
"332",4.25464601807,0.078642431612245,0,20,0.0772178670525283,16.8412176217957,4.29304839452479,-1.70022612547051,16.8412176217957,1.45699706207075,897.425108661604,7,2,"normal",12
"333",5.2964844221,0.080246260459742,0,20,0.0772178670525283,16.8412176217957,4.29304839452479,-1.70022612547051,16.8412176217957,1.45699706207075,897.425108661604,7,2,"normal",13
"334",5.9174103987,0.0818441049975343,0,20,0.0772178670525283,16.8412176217957,4.29304839452479,-1.70022612547051,16.8412176217957,1.45699706207075,897.425108661604,7,2,"normal",14
"335",11.19185617086,0.156784084054368,0,20,0.0772178670525283,16.8412176217957,4.29304839452479,-1.70022612547051,16.8412176217957,1.45699706207075,897.425108661604,7,2,"normal",15
"336",11.686842695,0.174412795884036,0,20,0.0772178670525283,16.8412176217957,4.29304839452479,-1.70022612547051,16.8412176217957,1.45699706207075,897.425108661604,7,2,"normal",16
"337",15.4480071997,0.392418448539707,0,20,0.0772178670525283,16.8412176217957,4.29304839452479,-1.70022612547051,16.8412176217957,1.45699706207075,897.425108661604,7,2,"normal",17
"338",27.49272,0.917244705494022,1,20,0.0772178670525283,16.8412176217957,4.29304839452479,-1.70022612547051,16.8412176217957,1.45699706207075,897.425108661604,7,2,"normal",18
"339",19.3911524889,0.689180933186069,0,20,0.0772178670525283,16.8412176217957,4.29304839452479,-1.70022612547051,16.8412176217957,1.45699706207075,897.425108661604,7,2,"normal",19
"340",22.96714,0.857843982620021,1,20,0.0772178670525283,16.8412176217957,4.29304839452479,-1.70022612547051,16.8412176217957,1.45699706207075,897.425108661604,7,2,"normal",20
"341",-7.8529418317,0.299070512826137,0,20,0.0105811129121268,-4.47186832248002,6.26555229196987,-3.83414813151695,-4.47186832248002,1.83506673960543,194.364969226686,8,2,"normal",1
"342",6.5677982388,0.951207176032778,0,20,0.0105811129121268,-4.47186832248002,6.26555229196987,-3.83414813151695,-4.47186832248002,1.83506673960543,194.364969226686,8,2,"normal",2
"343",11.7992957792,0.984815281336087,1,20,0.0105811129121268,-4.47186832248002,6.26555229196987,-3.83414813151695,-4.47186832248002,1.83506673960543,194.364969226686,8,2,"normal",3
"344",6.9826487284,0.956371607185856,1,20,0.0105811129121268,-4.47186832248002,6.26555229196987,-3.83414813151695,-4.47186832248002,1.83506673960543,194.364969226686,8,2,"normal",4
"345",2.53293260668,0.860421335630939,1,20,0.0105811129121268,-4.47186832248002,6.26555229196987,-3.83414813151695,-4.47186832248002,1.83506673960543,194.364969226686,8,2,"normal",5
"346",36.63267,0.989418887061609,1,20,0.0105811129121268,-4.47186832248002,6.26555229196987,-3.83414813151695,-4.47186832248002,1.83506673960543,194.364969226686,8,2,"normal",6
"347",-22.12186,0.0129536292532466,0,20,0.0105811129121268,-4.47186832248002,6.26555229196987,-3.83414813151695,-4.47186832248002,1.83506673960543,194.364969226686,8,2,"normal",7
"348",-7.9373,0.294541895730466,0,20,0.0105811129121268,-4.47186832248002,6.26555229196987,-3.83414813151695,-4.47186832248002,1.83506673960543,194.364969226686,8,2,"normal",8
"349",-6.571207,0.371566449785255,0,20,0.0105811129121268,-4.47186832248002,6.26555229196987,-3.83414813151695,-4.47186832248002,1.83506673960543,194.364969226686,8,2,"normal",9
"350",9.51117,0.976873793563712,1,20,0.0105811129121268,-4.47186832248002,6.26555229196987,-3.83414813151695,-4.47186832248002,1.83506673960543,194.364969226686,8,2,"normal",10
"351",-0.26185,0.743912828983559,1,20,0.0105811129121268,-4.47186832248002,6.26555229196987,-3.83414813151695,-4.47186832248002,1.83506673960543,194.364969226686,8,2,"normal",11
"352",-8.489814,0.265736543078624,1,20,0.0105811129121268,-4.47186832248002,6.26555229196987,-3.83414813151695,-4.47186832248002,1.83506673960543,194.364969226686,8,2,"normal",12
"353",16.91043,0.989104051581908,1,20,0.0105811129121268,-4.47186832248002,6.26555229196987,-3.83414813151695,-4.47186832248002,1.83506673960543,194.364969226686,8,2,"normal",13
"354",24.76217,0.989417382785257,1,20,0.0105811129121268,-4.47186832248002,6.26555229196987,-3.83414813151695,-4.47186832248002,1.83506673960543,194.364969226686,8,2,"normal",14
"355",16.51237,0.989022156378637,1,20,0.0105811129121268,-4.47186832248002,6.26555229196987,-3.83414813151695,-4.47186832248002,1.83506673960543,194.364969226686,8,2,"normal",15
"356",-6.41326,0.380911550621991,0,20,0.0105811129121268,-4.47186832248002,6.26555229196987,-3.83414813151695,-4.47186832248002,1.83506673960543,194.364969226686,8,2,"normal",16
"357",-16.16371,0.0409418199550996,0,20,0.0105811129121268,-4.47186832248002,6.26555229196987,-3.83414813151695,-4.47186832248002,1.83506673960543,194.364969226686,8,2,"normal",17
"358",8.04614,0.967039503682047,1,20,0.0105811129121268,-4.47186832248002,6.26555229196987,-3.83414813151695,-4.47186832248002,1.83506673960543,194.364969226686,8,2,"normal",18
"359",6.07019,0.944165415008616,1,20,0.0105811129121268,-4.47186832248002,6.26555229196987,-3.83414813151695,-4.47186832248002,1.83506673960543,194.364969226686,8,2,"normal",19
"360",-3.20408,0.578478868615741,0,20,0.0105811129121268,-4.47186832248002,6.26555229196987,-3.83414813151695,-4.47186832248002,1.83506673960543,194.364969226686,8,2,"normal",20
"361",9.6344042587,0.00297720234727744,0,20,0.00297640091101909,12.8956185462248,0.679877594564862,-5.11792268542398,12.8956185462248,-0.385842505008218,-1306.44072686489,9,2,"normal",1
"362",11.0289947637,0.00597908909018753,0,20,0.00297640091101909,12.8956185462248,0.679877594564862,-5.11792268542398,12.8956185462248,-0.385842505008218,-1306.44072686489,9,2,"normal",2
"363",15.89477307043,0.9970184924442,1,20,0.00297640091101909,12.8956185462248,0.679877594564862,-5.11792268542398,12.8956185462248,-0.385842505008218,-1306.44072686489,9,2,"normal",3
"364",11.3779743508,0.0157000386887077,0,20,0.00297640091101909,12.8956185462248,0.679877594564862,-5.11792268542398,12.8956185462248,-0.385842505008218,-1306.44072686489,9,2,"normal",4
"365",11.20424,0.00936549624108984,0,20,0.00297640091101909,12.8956185462248,0.679877594564862,-5.11792268542398,12.8956185462248,-0.385842505008218,-1306.44072686489,9,2,"normal",5
"366",12.41102,0.239552723451183,0,20,0.00297640091101909,12.8956185462248,0.679877594564862,-5.11792268542398,12.8956185462248,-0.385842505008218,-1306.44072686489,9,2,"normal",6
"367",23.76373,0.997023599088981,1,20,0.00297640091101909,12.8956185462248,0.679877594564862,-5.11792268542398,12.8956185462248,-0.385842505008218,-1306.44072686489,9,2,"normal",7
"368",8.62403,0.00297640107620992,0,20,0.00297640091101909,12.8956185462248,0.679877594564862,-5.11792268542398,12.8956185462248,-0.385842505008218,-1306.44072686489,9,2,"normal",8
"369",16.61436,0.997023576686042,1,20,0.00297640091101909,12.8956185462248,0.679877594564862,-5.11792268542398,12.8956185462248,-0.385842505008218,-1306.44072686489,9,2,"normal",9
"370",19.64311,0.997023599088981,1,20,0.00297640091101909,12.8956185462248,0.679877594564862,-5.11792268542398,12.8956185462248,-0.385842505008218,-1306.44072686489,9,2,"normal",10
"371",19.08133,0.997023599088981,1,20,0.00297640091101909,12.8956185462248,0.679877594564862,-5.11792268542398,12.8956185462248,-0.385842505008218,-1306.44072686489,9,2,"normal",11
"372",11.31792,0.0130711790728393,0,20,0.00297640091101909,12.8956185462248,0.679877594564862,-5.11792268542398,12.8956185462248,-0.385842505008218,-1306.44072686489,9,2,"normal",12
"373",19.10816,0.997023599088981,1,20,0.00297640091101909,12.8956185462248,0.679877594564862,-5.11792268542398,12.8956185462248,-0.385842505008218,-1306.44072686489,9,2,"normal",13
"374",19.02609,0.997023599088981,1,20,0.00297640091101909,12.8956185462248,0.679877594564862,-5.11792268542398,12.8956185462248,-0.385842505008218,-1306.44072686489,9,2,"normal",14
"375",12.48714,0.275328076697074,0,20,0.00297640091101909,12.8956185462248,0.679877594564862,-5.11792268542398,12.8956185462248,-0.385842505008218,-1306.44072686489,9,2,"normal",15
"376",13.28279,0.71419944365694,1,20,0.00297640091101909,12.8956185462248,0.679877594564862,-5.11792268542398,12.8956185462248,-0.385842505008218,-1306.44072686489,9,2,"normal",16
"377",11.94851,0.0842906643042878,0,20,0.00297640091101909,12.8956185462248,0.679877594564862,-5.11792268542398,12.8956185462248,-0.385842505008218,-1306.44072686489,9,2,"normal",17
"378",11.7589,0.0499625236838097,0,20,0.00297640091101909,12.8956185462248,0.679877594564862,-5.11792268542398,12.8956185462248,-0.385842505008218,-1306.44072686489,9,2,"normal",18
"379",19.8211,0.997023599088981,1,20,0.00297640091101909,12.8956185462248,0.679877594564862,-5.11792268542398,12.8956185462248,-0.385842505008218,-1306.44072686489,9,2,"normal",19
"380",13.15805,0.649356544596445,0,20,0.00297640091101909,12.8956185462248,0.679877594564862,-5.11792268542398,12.8956185462248,-0.385842505008218,-1306.44072686489,9,2,"normal",20
"381",-8.7920271994,0.705147899752893,0,20,0.0132610173562468,-13.784642572344,8.98697090352039,-3.60289930395522,-13.784642572344,2.19577585105226,-1016.26474900203,10,2,"normal",1
"382",6.6038810663,0.97540378247985,1,20,0.0132610173562468,-13.784642572344,8.98697090352039,-3.60289930395522,-13.784642572344,2.19577585105226,-1016.26474900203,10,2,"normal",2
"383",-2.18542671747,0.8909399653093,1,20,0.0132610173562468,-13.784642572344,8.98697090352039,-3.60289930395522,-13.784642572344,2.19577585105226,-1016.26474900203,10,2,"normal",3
"384",-7.38834846359,0.754743524013612,0,20,0.0132610173562468,-13.784642572344,8.98697090352039,-3.60289930395522,-13.784642572344,2.19577585105226,-1016.26474900203,10,2,"normal",4
"385",-48.37551,0.0133187446594242,0,20,0.0132610173562468,-13.784642572344,8.98697090352039,-3.60289930395522,-13.784642572344,2.19577585105226,-1016.26474900203,10,2,"normal",5
"386",-8.914192,0.70060660603025,1,20,0.0132610173562468,-13.784642572344,8.98697090352039,-3.60289930395522,-13.784642572344,2.19577585105226,-1016.26474900203,10,2,"normal",6
"387",-1.4112,0.904690433329094,0,20,0.0132610173562468,-13.784642572344,8.98697090352039,-3.60289930395522,-13.784642572344,2.19577585105226,-1016.26474900203,10,2,"normal",7
"388",-24.06758,0.136181404565051,0,20,0.0132610173562468,-13.784642572344,8.98697090352039,-3.60289930395522,-13.784642572344,2.19577585105226,-1016.26474900203,10,2,"normal",8
"389",-16.48166,0.385177567555313,0,20,0.0132610173562468,-13.784642572344,8.98697090352039,-3.60289930395522,-13.784642572344,2.19577585105226,-1016.26474900203,10,2,"normal",9
"390",18.4179,0.986573808468215,1,20,0.0132610173562468,-13.784642572344,8.98697090352039,-3.60289930395522,-13.784642572344,2.19577585105226,-1016.26474900203,10,2,"normal",10
"391",-3.39747,0.866143785458889,1,20,0.0132610173562468,-13.784642572344,8.98697090352039,-3.60289930395522,-13.784642572344,2.19577585105226,-1016.26474900203,10,2,"normal",11
"392",11.08141,0.983984426579876,1,20,0.0132610173562468,-13.784642572344,8.98697090352039,-3.60289930395522,-13.784642572344,2.19577585105226,-1016.26474900203,10,2,"normal",12
"393",3.29457,0.958812234420424,1,20,0.0132610173562468,-13.784642572344,8.98697090352039,-3.60289930395522,-13.784642572344,2.19577585105226,-1016.26474900203,10,2,"normal",13
"394",6.58647,0.975346268985171,1,20,0.0132610173562468,-13.784642572344,8.98697090352039,-3.60289930395522,-13.784642572344,2.19577585105226,-1016.26474900203,10,2,"normal",14
"395",-2.21461,0.89039050498508,1,20,0.0132610173562468,-13.784642572344,8.98697090352039,-3.60289930395522,-13.784642572344,2.19577585105226,-1016.26474900203,10,2,"normal",15
"396",-23.10896,0.159032297963593,0,20,0.0132610173562468,-13.784642572344,8.98697090352039,-3.60289930395522,-13.784642572344,2.19577585105226,-1016.26474900203,10,2,"normal",16
"397",1.05318,0.938682758495855,1,20,0.0132610173562468,-13.784642572344,8.98697090352039,-3.60289930395522,-13.784642572344,2.19577585105226,-1016.26474900203,10,2,"normal",17
"398",-10.19154,0.651232389772848,0,20,0.0132610173562468,-13.784642572344,8.98697090352039,-3.60289930395522,-13.784642572344,2.19577585105226,-1016.26474900203,10,2,"normal",18
"399",4.79249,0.967890987901433,1,20,0.0132610173562468,-13.784642572344,8.98697090352039,-3.60289930395522,-13.784642572344,2.19577585105226,-1016.26474900203,10,2,"normal",19
"400",12.52187,0.985074106318167,1,20,0.0132610173562468,-13.784642572344,8.98697090352039,-3.60289930395522,-13.784642572344,2.19577585105226,-1016.26474900203,10,2,"normal",20
